Limb,Time,Value
LEFT_ARM,1625011751201000000,1.3230859E7
LEFT_ARM,1625011751234332968,1.3235963E7
LEFT_ARM,1625011751267665937,1.3239377E7
LEFT_ARM,1625011751300998906,1.3247816E7
LEFT_ARM,1625011751334331875,1.3255139E7
LEFT_ARM,1625011751367664843,1.32609E7
LEFT_ARM,1625011751400997812,1.3272856E7
LEFT_ARM,1625011751434330781,1.3286485E7
LEFT_ARM,1625011751467663750,1.3296459E7
LEFT_ARM,1625011751500996718,1.33063E7
LEFT_ARM,1625011751534329687,1.3320128E7
LEFT_ARM,1625011751567662656,1.3335465E7
LEFT_ARM,1625011751600995625,1.3348811E7
LEFT_ARM,1625011751634328593,1.3364605E7
LEFT_ARM,1625011751667661562,1.3373576E7
LEFT_ARM,1625011751700994531,1.3385511E7
LEFT_ARM,1625011751734327500,1.3399816E7
LEFT_ARM,1625011751767660468,1.3414075E7
LEFT_ARM,1625011751800993437,1.3427828E7
LEFT_ARM,1625011751834326406,1.3439775E7
LEFT_ARM,1625011751867659375,1.3435035E7
LEFT_ARM,1625011751900992343,1.3423513E7
LEFT_ARM,1625011751934325312,1.3419549E7
LEFT_ARM,1625011751967658281,1.3413504E7
LEFT_ARM,1625011752000991250,1.3414864E7
LEFT_ARM,1625011752034324218,1.3416469E7
LEFT_ARM,1625011752067657187,1.3416092E7
LEFT_ARM,1625011752100990156,1.3421213E7
LEFT_ARM,1625011752134323125,1.3427237E7
LEFT_ARM,1625011752167656093,1.3427363E7
LEFT_ARM,1625011752200989062,1.3432413E7
LEFT_ARM,1625011752234322031,1.3434712E7
LEFT_ARM,1625011752267655000,1.3444285E7
LEFT_ARM,1625011752300987968,1.3442976E7
LEFT_ARM,1625011752334320937,1.3451712E7
LEFT_ARM,1625011752367653906,1.3464373E7
LEFT_ARM,1625011752400986875,1.3475861E7
LEFT_ARM,1625011752434319843,1.34852E7
LEFT_ARM,1625011752467652812,1.3493407E7
LEFT_ARM,1625011752500985781,1.3503419E7
LEFT_ARM,1625011752534318750,1.3512001E7
LEFT_ARM,1625011752567651718,1.3518475E7
LEFT_ARM,1625011752600984687,1.3528532E7
LEFT_ARM,1625011752634317656,1.3540949E7
LEFT_ARM,1625011752667650625,1.3550403E7
LEFT_ARM,1625011752700983593,1.3563811E7
LEFT_ARM,1625011752734316562,1.3567437E7
LEFT_ARM,1625011752767649531,1.3553413E7
LEFT_ARM,1625011752800982500,1.3541743E7
LEFT_ARM,1625011752834315468,1.3526067E7
LEFT_ARM,1625011752867648437,1.3523204E7
LEFT_ARM,1625011752900981406,1.3517264E7
LEFT_ARM,1625011752934314375,1.3511503E7
LEFT_ARM,1625011752967647343,1.3510181E7
LEFT_ARM,1625011753000980312,1.3514512E7
LEFT_ARM,1625011753034313281,1.3516623E7
LEFT_ARM,1625011753067646250,1.3520593E7
LEFT_ARM,1625011753100979218,1.3524041E7
LEFT_ARM,1625011753134312187,1.3530261E7
LEFT_ARM,1625011753167645156,1.3537168E7
LEFT_ARM,1625011753200978125,1.3545281E7
LEFT_ARM,1625011753234311093,1.3552541E7
LEFT_ARM,1625011753267644062,1.3558617E7
LEFT_ARM,1625011753300977031,1.3573639E7
LEFT_ARM,1625011753334310000,1.3580161E7
LEFT_ARM,1625011753367642968,1.3589795E7
LEFT_ARM,1625011753400975937,1.3601681E7
LEFT_ARM,1625011753434308906,1.3611427E7
LEFT_ARM,1625011753467641875,1.362352E7
LEFT_ARM,1625011753500974843,1.3632272E7
LEFT_ARM,1625011753534307812,1.3642581E7
LEFT_ARM,1625011753567640781,1.3651205E7
LEFT_ARM,1625011753600973750,1.3665467E7
LEFT_ARM,1625011753634306718,1.3677923E7
LEFT_ARM,1625011753667639687,1.3668657E7
LEFT_ARM,1625011753700972656,1.3655461E7
LEFT_ARM,1625011753734305625,1.3648837E7
LEFT_ARM,1625011753767638593,1.363976E7
LEFT_ARM,1625011753800971562,1.3632481E7
LEFT_ARM,1625011753834304531,1.3631159E7
LEFT_ARM,1625011753867637500,1.3632333E7
LEFT_ARM,1625011753900970468,1.3638692E7
LEFT_ARM,1625011753934303437,1.3641624E7
LEFT_ARM,1625011753967636406,1.3648189E7
LEFT_ARM,1625011754000969375,1.3648283E7
LEFT_ARM,1625011754034302343,1.3652152E7
LEFT_ARM,1625011754067635312,1.3658731E7
LEFT_ARM,1625011754100968281,1.3671801E7
LEFT_ARM,1625011754134301250,1.3690105E7
LEFT_ARM,1625011754167634218,1.3707755E7
LEFT_ARM,1625011754200967187,1.3728455E7
LEFT_ARM,1625011754234300156,1.3742267E7
LEFT_ARM,1625011754267633125,1.3753872E7
LEFT_ARM,1625011754300966093,1.3767261E7
LEFT_ARM,1625011754334299062,1.3780784E7
LEFT_ARM,1625011754367632031,1.3797444E7
LEFT_ARM,1625011754400965000,1.3818573E7
LEFT_ARM,1625011754434297968,1.3844975E7
LEFT_ARM,1625011754467630937,1.3861381E7
LEFT_ARM,1625011754500963906,1.3877001E7
LEFT_ARM,1625011754534296875,1.3889099E7
LEFT_ARM,1625011754567629843,1.3884532E7
LEFT_ARM,1625011754600962812,1.3872872E7
LEFT_ARM,1625011754634295781,1.3864899E7
LEFT_ARM,1625011754667628750,1.38539E7
LEFT_ARM,1625011754700961718,1.3843605E7
LEFT_ARM,1625011754734294687,1.3837941E7
LEFT_ARM,1625011754767627656,1.3840988E7
LEFT_ARM,1625011754800960625,1.384268E7
LEFT_ARM,1625011754834293593,1.3845676E7
LEFT_ARM,1625011754867626562,1.3851512E7
LEFT_ARM,1625011754900959531,1.3853077E7
LEFT_ARM,1625011754934292500,1.3858373E7
LEFT_ARM,1625011754967625468,1.3862911E7
LEFT_ARM,1625011755000958437,1.3864828E7
LEFT_ARM,1625011755034291406,1.3873308E7
LEFT_ARM,1625011755067624375,1.3884109E7
LEFT_ARM,1625011755100957343,1.3890044E7
LEFT_ARM,1625011755134290312,1.390052E7
LEFT_ARM,1625011755167623281,1.3910816E7
LEFT_ARM,1625011755200956250,1.3916895E7
LEFT_ARM,1625011755234289218,1.3926472E7
LEFT_ARM,1625011755267622187,1.3932233E7
LEFT_ARM,1625011755300955156,1.3944281E7
LEFT_ARM,1625011755334288125,1.3950367E7
LEFT_ARM,1625011755367621093,1.3956991E7
LEFT_ARM,1625011755400954062,1.3964189E7
LEFT_ARM,1625011755434287031,1.3967592E7
LEFT_ARM,1625011755467620000,1.3968668E7
LEFT_ARM,1625011755500952968,1.3955011E7
LEFT_ARM,1625011755534285937,1.3935931E7
LEFT_ARM,1625011755567618906,1.3922735E7
LEFT_ARM,1625011755600951875,1.3910432E7
LEFT_ARM,1625011755634284843,1.3899208E7
LEFT_ARM,1625011755667617812,1.3890375E7
LEFT_ARM,1625011755700950781,1.3883509E7
LEFT_ARM,1625011755734283750,1.3883303E7
LEFT_ARM,1625011755767616718,1.3881853E7
LEFT_ARM,1625011755800949687,1.3877024E7
LEFT_ARM,1625011755834282656,1.3875953E7
LEFT_ARM,1625011755867615625,1.3878947E7
LEFT_ARM,1625011755900948593,1.3881856E7
LEFT_ARM,1625011755934281562,1.3882816E7
LEFT_ARM,1625011755967614531,1.3887024E7
LEFT_ARM,1625011756000947500,1.3893069E7
LEFT_ARM,1625011756034280468,1.3901093E7
LEFT_ARM,1625011756067613437,1.3908389E7
LEFT_ARM,1625011756100946406,1.3915883E7
LEFT_ARM,1625011756134279375,1.3925275E7
LEFT_ARM,1625011756167612343,1.3935824E7
LEFT_ARM,1625011756200945312,1.3944928E7
LEFT_ARM,1625011756234278281,1.3954016E7
LEFT_ARM,1625011756267611250,1.3965427E7
LEFT_ARM,1625011756300944218,1.3973883E7
LEFT_ARM,1625011756334277187,1.399082E7
LEFT_ARM,1625011756367610156,1.4002725E7
LEFT_ARM,1625011756400943125,1.4013957E7
LEFT_ARM,1625011756434276093,1.4022275E7
LEFT_ARM,1625011756467609062,1.4012308E7
LEFT_ARM,1625011756500942031,1.4005235E7
LEFT_ARM,1625011756534275000,1.3998201E7
LEFT_ARM,1625011756567607968,1.3994055E7
LEFT_ARM,1625011756600940937,1.3989813E7
LEFT_ARM,1625011756634273906,1.3991021E7
LEFT_ARM,1625011756667606875,1.3989261E7
LEFT_ARM,1625011756700939843,1.3994588E7
LEFT_ARM,1625011756734272812,1.4004593E7
LEFT_ARM,1625011756767605781,1.4000795E7
LEFT_ARM,1625011756800938750,1.4005456E7
LEFT_ARM,1625011756834271718,1.4010845E7
LEFT_ARM,1625011756867604687,1.4013133E7
LEFT_ARM,1625011756900937656,1.4017633E7
LEFT_ARM,1625011756934270625,1.4026929E7
LEFT_ARM,1625011756967603593,1.4031327E7
LEFT_ARM,1625011757000936562,1.4036828E7
LEFT_ARM,1625011757034269531,1.4044941E7
LEFT_ARM,1625011757067602500,1.4051964E7
LEFT_ARM,1625011757100935468,1.4061111E7
LEFT_ARM,1625011757134268437,1.4071677E7
LEFT_ARM,1625011757167601406,1.4080344E7
LEFT_ARM,1625011757200934375,1.4086401E7
LEFT_ARM,1625011757234267343,1.4095493E7
LEFT_ARM,1625011757267600312,1.4104472E7
LEFT_ARM,1625011757300933281,1.4116884E7
LEFT_ARM,1625011757334266250,1.4125015E7
LEFT_ARM,1625011757367599218,1.4120763E7
LEFT_ARM,1625011757400932187,1.4109157E7
LEFT_ARM,1625011757434265156,1.4101008E7
LEFT_ARM,1625011757467598125,1.4096161E7
LEFT_ARM,1625011757500931093,1.4092179E7
LEFT_ARM,1625011757534264062,1.4090173E7
LEFT_ARM,1625011757567597031,1.4083021E7
LEFT_ARM,1625011757600930000,1.4084707E7
LEFT_ARM,1625011757634262968,1.4087091E7
LEFT_ARM,1625011757667595937,1.4088345E7
LEFT_ARM,1625011757700928906,1.4088813E7
LEFT_ARM,1625011757734261875,1.4088435E7
LEFT_ARM,1625011757767594843,1.4088061E7
LEFT_ARM,1625011757800927812,1.4089217E7
LEFT_ARM,1625011757834260781,1.4094975E7
LEFT_ARM,1625011757867593750,1.4098392E7
LEFT_ARM,1625011757900926718,1.4106037E7
LEFT_ARM,1625011757934259687,1.4104584E7
LEFT_ARM,1625011757967592656,1.4109059E7
LEFT_ARM,1625011758000925625,1.4119237E7
LEFT_ARM,1625011758034258593,1.4126841E7
LEFT_ARM,1625011758067591562,1.4135845E7
LEFT_ARM,1625011758100924531,1.4143675E7
LEFT_ARM,1625011758134257500,1.4155827E7
LEFT_ARM,1625011758167590468,1.4158936E7
LEFT_ARM,1625011758200923437,1.4168821E7
LEFT_ARM,1625011758234256406,1.4176021E7
LEFT_ARM,1625011758267589375,1.4180271E7
LEFT_ARM,1625011758300922343,1.4184601E7
LEFT_ARM,1625011758334255312,1.4168139E7
LEFT_ARM,1625011758367588281,1.415174E7
LEFT_ARM,1625011758400921250,1.4139812E7
LEFT_ARM,1625011758434254218,1.4127093E7
LEFT_ARM,1625011758467587187,1.4118079E7
LEFT_ARM,1625011758500920156,1.4111235E7
LEFT_ARM,1625011758534253125,1.4106459E7
LEFT_ARM,1625011758567586093,1.4100185E7
LEFT_ARM,1625011758600919062,1.4103796E7
LEFT_ARM,1625011758634252031,1.4098709E7
LEFT_ARM,1625011758667585000,1.4097659E7
LEFT_ARM,1625011758700917968,1.4094905E7
LEFT_ARM,1625011758734250937,1.4101216E7
LEFT_ARM,1625011758767583906,1.4103437E7
LEFT_ARM,1625011758800916875,1.4108288E7
LEFT_ARM,1625011758834249843,1.4114019E7
LEFT_ARM,1625011758867582812,1.4118189E7
LEFT_ARM,1625011758900915781,1.4125804E7
LEFT_ARM,1625011758934248750,1.4132435E7
LEFT_ARM,1625011758967581718,1.4136689E7
LEFT_ARM,1625011759000914687,1.4150145E7
LEFT_ARM,1625011759034247656,1.4159969E7
LEFT_ARM,1625011759067580625,1.4169189E7
LEFT_ARM,1625011759100913593,1.4177133E7
LEFT_ARM,1625011759134246562,1.4186696E7
LEFT_ARM,1625011759167579531,1.4194944E7
LEFT_ARM,1625011759200912500,1.4202571E7
LEFT_ARM,1625011759234245468,1.4205927E7
LEFT_ARM,1625011759267578437,1.4197992E7
LEFT_ARM,1625011759300911406,1.4177788E7
LEFT_ARM,1625011759334244375,1.4162784E7
LEFT_ARM,1625011759367577343,1.4155885E7
LEFT_ARM,1625011759400910312,1.4152493E7
LEFT_ARM,1625011759434243281,1.414946E7
LEFT_ARM,1625011759467576250,1.4144744E7
LEFT_ARM,1625011759500909218,1.4140449E7
LEFT_ARM,1625011759534242187,1.4137768E7
LEFT_ARM,1625011759567575156,1.4141412E7
LEFT_ARM,1625011759600908125,1.4140748E7
LEFT_ARM,1625011759634241093,1.4138081E7
LEFT_ARM,1625011759667574062,1.4136365E7
LEFT_ARM,1625011759700907031,1.4143715E7
LEFT_ARM,1625011759734240000,1.4143415E7
LEFT_ARM,1625011759767572968,1.4147083E7
LEFT_ARM,1625011759800905937,1.4154644E7
LEFT_ARM,1625011759834238906,1.4155749E7
LEFT_ARM,1625011759867571875,1.4166088E7
LEFT_ARM,1625011759900904843,1.4171667E7
LEFT_ARM,1625011759934237812,1.4176892E7
LEFT_ARM,1625011759967570781,1.4184232E7
LEFT_ARM,1625011760000903750,1.4191693E7
LEFT_ARM,1625011760034236718,1.4200112E7
LEFT_ARM,1625011760067569687,1.4202312E7
LEFT_ARM,1625011760100902656,1.4210667E7
LEFT_ARM,1625011760134235625,1.4217869E7
LEFT_ARM,1625011760167568593,1.4222751E7
LEFT_ARM,1625011760200901562,1.4225499E7
LEFT_ARM,1625011760234234531,1.4211571E7
LEFT_ARM,1625011760267567500,1.4192896E7
LEFT_ARM,1625011760300900468,1.4183405E7
LEFT_ARM,1625011760334233437,1.4171915E7
LEFT_ARM,1625011760367566406,1.4162947E7
LEFT_ARM,1625011760400899375,1.4155325E7
LEFT_ARM,1625011760434232343,1.4147219E7
LEFT_ARM,1625011760467565312,1.414344E7
LEFT_ARM,1625011760500898281,1.4142079E7
LEFT_ARM,1625011760534231250,1.4137168E7
LEFT_ARM,1625011760567564218,1.4137668E7
LEFT_ARM,1625011760600897187,1.4136557E7
LEFT_ARM,1625011760634230156,1.4136213E7
LEFT_ARM,1625011760667563125,1.4136899E7
LEFT_ARM,1625011760700896093,1.414216E7
LEFT_ARM,1625011760734229062,1.4144083E7
LEFT_ARM,1625011760767562031,1.4148269E7
LEFT_ARM,1625011760800895000,1.4151041E7
LEFT_ARM,1625011760834227968,1.4155512E7
LEFT_ARM,1625011760867560937,1.4162507E7
LEFT_ARM,1625011760900893906,1.4169387E7
LEFT_ARM,1625011760934226875,1.4175719E7
LEFT_ARM,1625011760967559843,1.4182523E7
LEFT_ARM,1625011761000892812,1.4187656E7
LEFT_ARM,1625011761034225781,1.4192696E7
LEFT_ARM,1625011761067558750,1.4202707E7
LEFT_ARM,1625011761100891718,1.4206639E7
LEFT_ARM,1625011761134224687,1.4216219E7
LEFT_ARM,1625011761167557656,1.4222152E7
LEFT_ARM,1625011761200890625,1.4223137E7
LEFT_ARM,1625011761234223593,1.4211144E7
LEFT_ARM,1625011761267556562,1.4194667E7
LEFT_ARM,1625011761300889531,1.4182411E7
LEFT_ARM,1625011761334222500,1.4172112E7
LEFT_ARM,1625011761367555468,1.4167171E7
LEFT_ARM,1625011761400888437,1.4163421E7
LEFT_ARM,1625011761434221406,1.4158801E7
LEFT_ARM,1625011761467554375,1.416144E7
LEFT_ARM,1625011761500887343,1.4161979E7
LEFT_ARM,1625011761534220312,1.4161193E7
LEFT_ARM,1625011761567553281,1.4163163E7
LEFT_ARM,1625011761600886250,1.4166E7
LEFT_ARM,1625011761634219218,1.4168459E7
LEFT_ARM,1625011761667552187,1.4170393E7
LEFT_ARM,1625011761700885156,1.4173717E7
LEFT_ARM,1625011761734218125,1.4183648E7
LEFT_ARM,1625011761767551093,1.4190009E7
LEFT_ARM,1625011761800884062,1.4193168E7
LEFT_ARM,1625011761834217031,1.419784E7
LEFT_ARM,1625011761867550000,1.4208793E7
LEFT_ARM,1625011761900882968,1.421136E7
LEFT_ARM,1625011761934215937,1.4219231E7
LEFT_ARM,1625011761967548906,1.4222544E7
LEFT_ARM,1625011762000881875,1.4229816E7
LEFT_ARM,1625011762034214843,1.4238472E7
LEFT_ARM,1625011762067547812,1.42478E7
LEFT_ARM,1625011762100880781,1.4253221E7
LEFT_ARM,1625011762134213750,1.4260632E7
LEFT_ARM,1625011762167546718,1.4254273E7
LEFT_ARM,1625011762200879687,1.4238688E7
LEFT_ARM,1625011762234212656,1.4221119E7
LEFT_ARM,1625011762267545625,1.4211879E7
LEFT_ARM,1625011762300878593,1.4202809E7
LEFT_ARM,1625011762334211562,1.4200763E7
LEFT_ARM,1625011762367544531,1.4195064E7
LEFT_ARM,1625011762400877500,1.4194499E7
LEFT_ARM,1625011762434210468,1.4192565E7
LEFT_ARM,1625011762467543437,1.4196785E7
LEFT_ARM,1625011762500876406,1.4197811E7
LEFT_ARM,1625011762534209375,1.4198599E7
LEFT_ARM,1625011762567542343,1.4200261E7
LEFT_ARM,1625011762600875312,1.4205352E7
LEFT_ARM,1625011762634208281,1.4211429E7
LEFT_ARM,1625011762667541250,1.4213693E7
LEFT_ARM,1625011762700874218,1.4217227E7
LEFT_ARM,1625011762734207187,1.4223832E7
LEFT_ARM,1625011762767540156,1.4230444E7
LEFT_ARM,1625011762800873125,1.4238047E7
LEFT_ARM,1625011762834206093,1.4239436E7
LEFT_ARM,1625011762867539062,1.4244304E7
LEFT_ARM,1625011762900872031,1.4252325E7
LEFT_ARM,1625011762934205000,1.4255785E7
LEFT_ARM,1625011762967537968,1.4265347E7
LEFT_ARM,1625011763000870937,1.4271549E7
LEFT_ARM,1625011763034203906,1.4281703E7
LEFT_ARM,1625011763067536875,1.4287648E7
LEFT_ARM,1625011763100869843,1.4295524E7
LEFT_ARM,1625011763134202812,1.4292687E7
LEFT_ARM,1625011763167535781,1.4274408E7
LEFT_ARM,1625011763200868750,1.4258657E7
LEFT_ARM,1625011763234201718,1.4245159E7
LEFT_ARM,1625011763267534687,1.4240195E7
LEFT_ARM,1625011763300867656,1.4233663E7
LEFT_ARM,1625011763334200625,1.4227427E7
LEFT_ARM,1625011763367533593,1.4223668E7
LEFT_ARM,1625011763400866562,1.4223761E7
LEFT_ARM,1625011763434199531,1.4224853E7
LEFT_ARM,1625011763467532500,1.4221544E7
LEFT_ARM,1625011763500865468,1.4222024E7
LEFT_ARM,1625011763534198437,1.4220957E7
LEFT_ARM,1625011763567531406,1.4224935E7
LEFT_ARM,1625011763600864375,1.4228919E7
LEFT_ARM,1625011763634197343,1.4237043E7
LEFT_ARM,1625011763667530312,1.4243292E7
LEFT_ARM,1625011763700863281,1.4249172E7
LEFT_ARM,1625011763734196250,1.4256684E7
LEFT_ARM,1625011763767529218,1.4261603E7
LEFT_ARM,1625011763800862187,1.4263992E7
LEFT_ARM,1625011763834195156,1.4274713E7
LEFT_ARM,1625011763867528125,1.4280288E7
LEFT_ARM,1625011763900861093,1.4286887E7
LEFT_ARM,1625011763934194062,1.4297472E7
LEFT_ARM,1625011763967527031,1.430176E7
LEFT_ARM,1625011764000860000,1.4305952E7
LEFT_ARM,1625011764034192968,1.4311101E7
LEFT_ARM,1625011764067525937,1.4316339E7
LEFT_ARM,1625011764100858906,1.4310845E7
LEFT_ARM,1625011764134191875,1.4292275E7
LEFT_ARM,1625011764167524843,1.4274552E7
LEFT_ARM,1625011764200857812,1.4259272E7
LEFT_ARM,1625011764234190781,1.4245968E7
LEFT_ARM,1625011764267523750,1.4234488E7
LEFT_ARM,1625011764300856718,1.4228467E7
LEFT_ARM,1625011764334189687,1.4226647E7
LEFT_ARM,1625011764367522656,1.4223721E7
LEFT_ARM,1625011764400855625,1.4223701E7
LEFT_ARM,1625011764434188593,1.4219304E7
LEFT_ARM,1625011764467521562,1.4218452E7
LEFT_ARM,1625011764500854531,1.4220435E7
LEFT_ARM,1625011764534187500,1.4222933E7
LEFT_ARM,1625011764567520468,1.4228787E7
LEFT_ARM,1625011764600853437,1.4233355E7
LEFT_ARM,1625011764634186406,1.4237907E7
LEFT_ARM,1625011764667519375,1.4242412E7
LEFT_ARM,1625011764700852343,1.4250701E7
LEFT_ARM,1625011764734185312,1.4256323E7
LEFT_ARM,1625011764767518281,1.4262723E7
LEFT_ARM,1625011764800851250,1.4268223E7
LEFT_ARM,1625011764834184218,1.4273768E7
LEFT_ARM,1625011764867517187,1.428072E7
LEFT_ARM,1625011764900850156,1.4284655E7
LEFT_ARM,1625011764934183125,1.4290304E7
LEFT_ARM,1625011764967516093,1.4294445E7
LEFT_ARM,1625011765000849062,1.4301184E7
LEFT_ARM,1625011765034182031,1.4305995E7
LEFT_ARM,1625011765067515000,1.4287547E7
LEFT_ARM,1625011765100847968,1.4260415E7
LEFT_ARM,1625011765134180937,1.4239337E7
LEFT_ARM,1625011765167513906,1.4221483E7
LEFT_ARM,1625011765200846875,1.4206117E7
LEFT_ARM,1625011765234179843,1.4191019E7
LEFT_ARM,1625011765267512812,1.4174223E7
LEFT_ARM,1625011765300845781,1.4169171E7
LEFT_ARM,1625011765334178750,1.4162517E7
LEFT_ARM,1625011765367511718,1.4152943E7
LEFT_ARM,1625011765400844687,1.4147575E7
LEFT_ARM,1625011765434177656,1.4143481E7
LEFT_ARM,1625011765467510625,1.4142099E7
LEFT_ARM,1625011765500843593,1.4140723E7
LEFT_ARM,1625011765534176562,1.4144936E7
LEFT_ARM,1625011765567509531,1.4145168E7
LEFT_ARM,1625011765600842500,1.4148797E7
LEFT_ARM,1625011765634175468,1.4152655E7
LEFT_ARM,1625011765667508437,1.4160995E7
LEFT_ARM,1625011765700841406,1.4162871E7
LEFT_ARM,1625011765734174375,1.4169716E7
LEFT_ARM,1625011765767507343,1.4175155E7
LEFT_ARM,1625011765800840312,1.4183201E7
LEFT_ARM,1625011765834173281,1.4190116E7
LEFT_ARM,1625011765867506250,1.419672E7
LEFT_ARM,1625011765900839218,1.4201212E7
LEFT_ARM,1625011765934172187,1.4208089E7
LEFT_ARM,1625011765967505156,1.4217213E7
LEFT_ARM,1625011766000838125,1.4218629E7
LEFT_ARM,1625011766034171093,1.4199104E7
LEFT_ARM,1625011766067504062,1.4175121E7
LEFT_ARM,1625011766100837031,1.4159272E7
LEFT_ARM,1625011766134170000,1.4145549E7
LEFT_ARM,1625011766167502968,1.4134436E7
LEFT_ARM,1625011766200835937,1.4125797E7
LEFT_ARM,1625011766234168906,1.4117711E7
LEFT_ARM,1625011766267501875,1.4114768E7
LEFT_ARM,1625011766300834843,1.4113676E7
LEFT_ARM,1625011766334167812,1.4114481E7
LEFT_ARM,1625011766367500781,1.4112632E7
LEFT_ARM,1625011766400833750,1.4111664E7
LEFT_ARM,1625011766434166718,1.4111268E7
LEFT_ARM,1625011766467499687,1.4116941E7
LEFT_ARM,1625011766500832656,1.4124388E7
LEFT_ARM,1625011766534165625,1.4129997E7
LEFT_ARM,1625011766567498593,1.4136077E7
LEFT_ARM,1625011766600831562,1.4146319E7
LEFT_ARM,1625011766634164531,1.4155301E7
LEFT_ARM,1625011766667497500,1.4164243E7
LEFT_ARM,1625011766700830468,1.4174381E7
LEFT_ARM,1625011766734163437,1.4184547E7
LEFT_ARM,1625011766767496406,1.4195768E7
LEFT_ARM,1625011766800829375,1.420698E7
LEFT_ARM,1625011766834162343,1.4217751E7
LEFT_ARM,1625011766867495312,1.4226963E7
LEFT_ARM,1625011766900828281,1.4234393E7
LEFT_ARM,1625011766934161250,1.4241773E7
LEFT_ARM,1625011766967494218,1.4239476E7
LEFT_ARM,1625011767000827187,1.4219053E7
LEFT_ARM,1625011767034160156,1.4202559E7
LEFT_ARM,1625011767067493125,1.4194048E7
LEFT_ARM,1625011767100826093,1.4185644E7
LEFT_ARM,1625011767134159062,1.417604E7
LEFT_ARM,1625011767167492031,1.4170191E7
LEFT_ARM,1625011767200825000,1.4167075E7
LEFT_ARM,1625011767234157968,1.4166723E7
LEFT_ARM,1625011767267490937,1.4168479E7
LEFT_ARM,1625011767300823906,1.4166437E7
LEFT_ARM,1625011767334156875,1.4166651E7
LEFT_ARM,1625011767367489843,1.4167957E7
LEFT_ARM,1625011767400822812,1.4168536E7
LEFT_ARM,1625011767434155781,1.417636E7
LEFT_ARM,1625011767467488750,1.4181029E7
LEFT_ARM,1625011767500821718,1.4183129E7
LEFT_ARM,1625011767534154687,1.4191687E7
LEFT_ARM,1625011767567487656,1.4199264E7
LEFT_ARM,1625011767600820625,1.4209221E7
LEFT_ARM,1625011767634153593,1.4217291E7
LEFT_ARM,1625011767667486562,1.4223123E7
LEFT_ARM,1625011767700819531,1.4230043E7
LEFT_ARM,1625011767734152500,1.4240256E7
LEFT_ARM,1625011767767485468,1.4243747E7
LEFT_ARM,1625011767800818437,1.4252555E7
LEFT_ARM,1625011767834151406,1.426176E7
LEFT_ARM,1625011767867484375,1.4271392E7
LEFT_ARM,1625011767900817343,1.4262105E7
LEFT_ARM,1625011767934150312,1.423998E7
LEFT_ARM,1625011767967483281,1.4226536E7
LEFT_ARM,1625011768000816250,1.4216023E7
LEFT_ARM,1625011768034149218,1.4207503E7
LEFT_ARM,1625011768067482187,1.4196288E7
LEFT_ARM,1625011768100815156,1.4189563E7
LEFT_ARM,1625011768134148125,1.4185304E7
LEFT_ARM,1625011768167481093,1.4185851E7
LEFT_ARM,1625011768200814062,1.4186097E7
LEFT_ARM,1625011768234147031,1.4187096E7
LEFT_ARM,1625011768267480000,1.4191624E7
LEFT_ARM,1625011768300812968,1.4194621E7
LEFT_ARM,1625011768334145937,1.4199232E7
LEFT_ARM,1625011768367478906,1.4203209E7
LEFT_ARM,1625011768400811875,1.4208311E7
LEFT_ARM,1625011768434144843,1.4215444E7
LEFT_ARM,1625011768467477812,1.4222288E7
LEFT_ARM,1625011768500810781,1.4236493E7
LEFT_ARM,1625011768534143750,1.4243789E7
LEFT_ARM,1625011768567476718,1.4252816E7
LEFT_ARM,1625011768600809687,1.4262837E7
LEFT_ARM,1625011768634142656,1.4275253E7
LEFT_ARM,1625011768667475625,1.4287621E7
LEFT_ARM,1625011768700808593,1.4295757E7
LEFT_ARM,1625011768734141562,1.4307664E7
LEFT_ARM,1625011768767474531,1.4320229E7
LEFT_ARM,1625011768800807500,1.432202E7
LEFT_ARM,1625011768834140468,1.4305959E7
LEFT_ARM,1625011768867473437,1.4288611E7
LEFT_ARM,1625011768900806406,1.4283385E7
LEFT_ARM,1625011768934139375,1.428008E7
LEFT_ARM,1625011768967472343,1.4276108E7
LEFT_ARM,1625011769000805312,1.427092E7
LEFT_ARM,1625011769034138281,1.4270772E7
LEFT_ARM,1625011769067471250,1.4274889E7
LEFT_ARM,1625011769100804218,1.4275451E7
LEFT_ARM,1625011769134137187,1.4276371E7
LEFT_ARM,1625011769167470156,1.4278467E7
LEFT_ARM,1625011769200803125,1.4282804E7
LEFT_ARM,1625011769234136093,1.4285328E7
LEFT_ARM,1625011769267469062,1.4293245E7
LEFT_ARM,1625011769300802031,1.4300276E7
LEFT_ARM,1625011769334135000,1.4303523E7
LEFT_ARM,1625011769367467968,1.4311681E7
LEFT_ARM,1625011769400800937,1.431758E7
LEFT_ARM,1625011769434133906,1.4324584E7
LEFT_ARM,1625011769467466875,1.4334568E7
LEFT_ARM,1625011769500799843,1.4342269E7
LEFT_ARM,1625011769534132812,1.4346499E7
LEFT_ARM,1625011769567465781,1.4352359E7
LEFT_ARM,1625011769600798750,1.4364271E7
LEFT_ARM,1625011769634131718,1.4375869E7
LEFT_ARM,1625011769667464687,1.4377935E7
LEFT_ARM,1625011769700797656,1.4364491E7
LEFT_ARM,1625011769734130625,1.4348243E7
LEFT_ARM,1625011769767463593,1.4339043E7
LEFT_ARM,1625011769800796562,1.4332957E7
LEFT_ARM,1625011769834129531,1.4325735E7
LEFT_ARM,1625011769867462500,1.4321453E7
LEFT_ARM,1625011769900795468,1.4318925E7
LEFT_ARM,1625011769934128437,1.4320792E7
LEFT_ARM,1625011769967461406,1.4322673E7
LEFT_ARM,1625011770000794375,1.4320632E7
LEFT_ARM,1625011770034127944,1.4322007E7
LEFT_ARM,1625011770067460913,1.4323996E7
LEFT_ARM,1625011770100793882,1.4328215E7
LEFT_ARM,1625011770134126851,1.4331575E7
LEFT_ARM,1625011770167459819,1.4336289E7
LEFT_ARM,1625011770200792788,1.4343509E7
LEFT_ARM,1625011770234125757,1.4348173E7
LEFT_ARM,1625011770267458726,1.4356343E7
LEFT_ARM,1625011770300791694,1.4360088E7
LEFT_ARM,1625011770334124663,1.4371929E7
LEFT_ARM,1625011770367457632,1.4372323E7
LEFT_ARM,1625011770400790601,1.4378227E7
LEFT_ARM,1625011770434123569,1.4387839E7
LEFT_ARM,1625011770467456538,1.439248E7
LEFT_ARM,1625011770500789507,1.4398867E7
LEFT_ARM,1625011770534122476,1.4406971E7
LEFT_ARM,1625011770567455444,1.441516E7
LEFT_ARM,1625011770600788413,1.4409276E7
LEFT_ARM,1625011770634121382,1.4387235E7
LEFT_ARM,1625011770667454351,1.4372141E7
LEFT_ARM,1625011770700787319,1.4359683E7
LEFT_ARM,1625011770734120288,1.4348143E7
LEFT_ARM,1625011770767453257,1.4338491E7
LEFT_ARM,1625011770800786226,1.4332284E7
LEFT_ARM,1625011770834119194,1.4331485E7
LEFT_ARM,1625011770867452163,1.4328584E7
LEFT_ARM,1625011770900785132,1.4324704E7
LEFT_ARM,1625011770934118101,1.4324551E7
LEFT_ARM,1625011770967451069,1.4325891E7
LEFT_ARM,1625011771000784038,1.4323572E7
LEFT_ARM,1625011771034117007,1.4326551E7
LEFT_ARM,1625011771067449976,1.4328607E7
LEFT_ARM,1625011771100782944,1.4334493E7
LEFT_ARM,1625011771134115913,1.4339929E7
LEFT_ARM,1625011771167448882,1.4345719E7
LEFT_ARM,1625011771200781851,1.4352407E7
LEFT_ARM,1625011771234114819,1.4356663E7
LEFT_ARM,1625011771267447788,1.4367663E7
LEFT_ARM,1625011771300780757,1.4375955E7
LEFT_ARM,1625011771334113726,1.4381405E7
LEFT_ARM,1625011771367446694,1.4389941E7
LEFT_ARM,1625011771400779663,1.4400528E7
LEFT_ARM,1625011771434112632,1.4410159E7
LEFT_ARM,1625011771467445601,1.4421645E7
LEFT_ARM,1625011771500778569,1.4427447E7
LEFT_ARM,1625011771534111538,1.4429391E7
LEFT_ARM,1625011771567444507,1.4414448E7
LEFT_ARM,1625011771600777476,1.4397169E7
LEFT_ARM,1625011771634110444,1.4389104E7
LEFT_ARM,1625011771667443413,1.438116E7
LEFT_ARM,1625011771700776382,1.4374295E7
LEFT_ARM,1625011771734109351,1.4371509E7
LEFT_ARM,1625011771767442319,1.4368983E7
LEFT_ARM,1625011771800775288,1.4366924E7
LEFT_ARM,1625011771834108257,1.4370635E7
LEFT_ARM,1625011771867441226,1.4370184E7
LEFT_ARM,1625011771900774194,1.4363969E7
LEFT_ARM,1625011771934107163,1.4364447E7
LEFT_ARM,1625011771967440132,1.4362453E7
LEFT_ARM,1625011772000773101,1.4366097E7
LEFT_ARM,1625011772034106069,1.4367143E7
LEFT_ARM,1625011772067439038,1.4368511E7
LEFT_ARM,1625011772100772007,1.4370256E7
LEFT_ARM,1625011772134104976,1.4373495E7
LEFT_ARM,1625011772167437944,1.4380268E7
LEFT_ARM,1625011772200770913,1.4385457E7
LEFT_ARM,1625011772234103882,1.4390328E7
LEFT_ARM,1625011772267436851,1.4397249E7
LEFT_ARM,1625011772300769819,1.4397143E7
LEFT_ARM,1625011772334102788,1.4401853E7
LEFT_ARM,1625011772367435757,1.4405924E7
LEFT_ARM,1625011772400768726,1.4413056E7
LEFT_ARM,1625011772434101694,1.4422257E7
LEFT_ARM,1625011772467434663,1.4413356E7
LEFT_ARM,1625011772500767632,1.4395949E7
LEFT_ARM,1625011772534100601,1.4379624E7
LEFT_ARM,1625011772567433569,1.4370089E7
LEFT_ARM,1625011772600766538,1.4359565E7
LEFT_ARM,1625011772634099507,1.4355927E7
LEFT_ARM,1625011772667432476,1.4349059E7
LEFT_ARM,1625011772700765444,1.4346464E7
LEFT_ARM,1625011772734098413,1.434736E7
LEFT_ARM,1625011772767431382,1.4346015E7
LEFT_ARM,1625011772800764351,1.4349188E7
LEFT_ARM,1625011772834097319,1.4349205E7
LEFT_ARM,1625011772867430288,1.4350743E7
LEFT_ARM,1625011772900763257,1.435344E7
LEFT_ARM,1625011772934096226,1.4360392E7
LEFT_ARM,1625011772967429194,1.4369312E7
LEFT_ARM,1625011773000762163,1.4376992E7
LEFT_ARM,1625011773034095132,1.4379347E7
LEFT_ARM,1625011773067428101,1.4388911E7
LEFT_ARM,1625011773100761069,1.4397836E7
LEFT_ARM,1625011773134094038,1.4401949E7
LEFT_ARM,1625011773167427007,1.4407624E7
LEFT_ARM,1625011773200759976,1.4421031E7
LEFT_ARM,1625011773234092944,1.4431893E7
LEFT_ARM,1625011773267425913,1.444044E7
LEFT_ARM,1625011773300758882,1.4446385E7
LEFT_ARM,1625011773334091851,1.4451437E7
LEFT_ARM,1625011773367424819,1.4461563E7
LEFT_ARM,1625011773400757788,1.4467012E7
LEFT_ARM,1625011773434090757,1.4461353E7
LEFT_ARM,1625011773467423726,1.4435693E7
LEFT_ARM,1625011773500756694,1.4422532E7
LEFT_ARM,1625011773534089663,1.4410148E7
LEFT_ARM,1625011773567422632,1.4404192E7
LEFT_ARM,1625011773600755601,1.4394615E7
LEFT_ARM,1625011773634088569,1.4387664E7
LEFT_ARM,1625011773667421538,1.4384076E7
LEFT_ARM,1625011773700754507,1.4385335E7
LEFT_ARM,1625011773734087476,1.4385577E7
LEFT_ARM,1625011773767420444,1.4385091E7
LEFT_ARM,1625011773800753413,1.4392536E7
LEFT_ARM,1625011773834086382,1.4395183E7
LEFT_ARM,1625011773867419351,1.4401891E7
LEFT_ARM,1625011773900752319,1.4403648E7
LEFT_ARM,1625011773934085288,1.4410969E7
LEFT_ARM,1625011773967418257,1.4418491E7
LEFT_ARM,1625011774000751226,1.4427211E7
LEFT_ARM,1625011774034084194,1.4433513E7
LEFT_ARM,1625011774067417163,1.4438285E7
LEFT_ARM,1625011774100750132,1.4441656E7
LEFT_ARM,1625011774134083101,1.4449528E7
LEFT_ARM,1625011774167416069,1.4457629E7
LEFT_ARM,1625011774200749038,1.4466391E7
LEFT_ARM,1625011774234082007,1.4474211E7
LEFT_ARM,1625011774267414976,1.4480569E7
LEFT_ARM,1625011774300747944,1.4487349E7
LEFT_ARM,1625011774334080913,1.4493171E7
LEFT_ARM,1625011774367413882,1.4502221E7
LEFT_ARM,1625011774400746851,1.4501712E7
LEFT_ARM,1625011774434079819,1.4488379E7
LEFT_ARM,1625011774467412788,1.4469613E7
LEFT_ARM,1625011774500745757,1.4459173E7
LEFT_ARM,1625011774534078726,1.4453741E7
LEFT_ARM,1625011774567411694,1.4443701E7
LEFT_ARM,1625011774600744663,1.4440157E7
LEFT_ARM,1625011774634077632,1.4437775E7
LEFT_ARM,1625011774667410601,1.4441517E7
LEFT_ARM,1625011774700743569,1.4442449E7
LEFT_ARM,1625011774734076538,1.4440176E7
LEFT_ARM,1625011774767409507,1.4439035E7
LEFT_ARM,1625011774800742476,1.4440672E7
LEFT_ARM,1625011774834075444,1.4442437E7
LEFT_ARM,1625011774867408413,1.4446425E7
LEFT_ARM,1625011774900741382,1.4452383E7
LEFT_ARM,1625011774934074351,1.4457417E7
LEFT_ARM,1625011774967407319,1.4466357E7
LEFT_ARM,1625011775000740288,1.4476757E7
LEFT_ARM,1625011775034073257,1.4484457E7
LEFT_ARM,1625011775067406226,1.4491555E7
LEFT_ARM,1625011775100739194,1.4499891E7
LEFT_ARM,1625011775134072163,1.4510324E7
LEFT_ARM,1625011775167405132,1.4517932E7
LEFT_ARM,1625011775200738101,1.4523929E7
LEFT_ARM,1625011775234071069,1.4530621E7
LEFT_ARM,1625011775267404038,1.4540543E7
LEFT_ARM,1625011775300737007,1.4550667E7
LEFT_ARM,1625011775334069976,1.4556775E7
LEFT_ARM,1625011775367402944,1.4562552E7
LEFT_ARM,1625011775400735913,1.4547096E7
LEFT_ARM,1625011775434068882,1.453268E7
LEFT_ARM,1625011775467401851,1.4518673E7
LEFT_ARM,1625011775500734819,1.4511963E7
LEFT_ARM,1625011775534067788,1.4503903E7
LEFT_ARM,1625011775567400757,1.4498023E7
LEFT_ARM,1625011775600733726,1.4488847E7
LEFT_ARM,1625011775634066694,1.4488844E7
LEFT_ARM,1625011775667399663,1.4485311E7
LEFT_ARM,1625011775700732632,1.4483295E7
LEFT_ARM,1625011775734065601,1.4480228E7
LEFT_ARM,1625011775767398569,1.4478243E7
LEFT_ARM,1625011775800731538,1.4480432E7
LEFT_ARM,1625011775834064507,1.4480069E7
LEFT_ARM,1625011775867397476,1.4483525E7
LEFT_ARM,1625011775900730444,1.4483475E7
LEFT_ARM,1625011775934063413,1.448876E7
LEFT_ARM,1625011775967396382,1.4492115E7
LEFT_ARM,1625011776000729351,1.4498115E7
LEFT_ARM,1625011776034062319,1.4503453E7
LEFT_ARM,1625011776067395288,1.4506755E7
LEFT_ARM,1625011776100728257,1.4511985E7
LEFT_ARM,1625011776134061226,1.4515683E7
LEFT_ARM,1625011776167394194,1.4518433E7
LEFT_ARM,1625011776200727163,1.4524152E7
LEFT_ARM,1625011776234060132,1.4527969E7
LEFT_ARM,1625011776267393101,1.4534541E7
LEFT_ARM,1625011776300726069,1.4544625E7
LEFT_ARM,1625011776334059038,1.4540935E7
LEFT_ARM,1625011776367392007,1.4519064E7
LEFT_ARM,1625011776400724976,1.4501616E7
LEFT_ARM,1625011776434057944,1.4492448E7
LEFT_ARM,1625011776467390913,1.448056E7
LEFT_ARM,1625011776500723882,1.4472759E7
LEFT_ARM,1625011776534056851,1.4462223E7
LEFT_ARM,1625011776567389819,1.4457539E7
LEFT_ARM,1625011776600722788,1.4457523E7
LEFT_ARM,1625011776634055757,1.4454705E7
LEFT_ARM,1625011776667388726,1.4451799E7
LEFT_ARM,1625011776700721694,1.4447532E7
LEFT_ARM,1625011776734054663,1.4447356E7
LEFT_ARM,1625011776767387632,1.4446299E7
LEFT_ARM,1625011776800720601,1.4445204E7
LEFT_ARM,1625011776834053569,1.4444039E7
LEFT_ARM,1625011776867386538,1.4448699E7
LEFT_ARM,1625011776900719507,1.4448403E7
LEFT_ARM,1625011776934052476,1.4453465E7
LEFT_ARM,1625011776967385444,1.4457541E7
LEFT_ARM,1625011777000718413,1.446104E7
LEFT_ARM,1625011777034051382,1.4467261E7
LEFT_ARM,1625011777067384351,1.4468259E7
LEFT_ARM,1625011777100717319,1.4473123E7
LEFT_ARM,1625011777134050288,1.4479023E7
LEFT_ARM,1625011777167383257,1.4483239E7
LEFT_ARM,1625011777200716226,1.4489543E7
LEFT_ARM,1625011777234049194,1.4494525E7
LEFT_ARM,1625011777267382163,1.4498023E7
LEFT_ARM,1625011777300715132,1.4497044E7
LEFT_ARM,1625011777334048101,1.4473345E7
LEFT_ARM,1625011777367381069,1.4456372E7
LEFT_ARM,1625011777400714038,1.4441744E7
LEFT_ARM,1625011777434047007,1.4430648E7
LEFT_ARM,1625011777467379976,1.4419935E7
LEFT_ARM,1625011777500712944,1.4413995E7
LEFT_ARM,1625011777534045913,1.4408595E7
LEFT_ARM,1625011777567378882,1.4405699E7
LEFT_ARM,1625011777600711851,1.4402084E7
LEFT_ARM,1625011777634044819,1.4399093E7
LEFT_ARM,1625011777667377788,1.4400911E7
LEFT_ARM,1625011777700710757,1.4401084E7
LEFT_ARM,1625011777734043726,1.4399637E7
LEFT_ARM,1625011777767376694,1.4401165E7
LEFT_ARM,1625011777800709663,1.4407541E7
LEFT_ARM,1625011777834042632,1.4409557E7
LEFT_ARM,1625011777867375601,1.4415205E7
LEFT_ARM,1625011777900708569,1.4422296E7
LEFT_ARM,1625011777934041538,1.4431253E7
LEFT_ARM,1625011777967374507,1.4437681E7
LEFT_ARM,1625011778000707476,1.4445451E7
LEFT_ARM,1625011778034040444,1.4451424E7
LEFT_ARM,1625011778067373413,1.4459421E7
LEFT_ARM,1625011778100706382,1.4469489E7
LEFT_ARM,1625011778134039351,1.4479877E7
LEFT_ARM,1625011778167372319,1.4490353E7
LEFT_ARM,1625011778200705288,1.4496553E7
LEFT_ARM,1625011778234038257,1.4502576E7
LEFT_ARM,1625011778267371226,1.4501229E7
LEFT_ARM,1625011778300704194,1.4482307E7
LEFT_ARM,1625011778334037163,1.4459881E7
LEFT_ARM,1625011778367370132,1.4446931E7
LEFT_ARM,1625011778400703101,1.4439781E7
LEFT_ARM,1625011778434036069,1.4430963E7
LEFT_ARM,1625011778467369038,1.4419167E7
LEFT_ARM,1625011778500702007,1.4416459E7
LEFT_ARM,1625011778534034976,1.4412491E7
LEFT_ARM,1625011778567367944,1.4406007E7
LEFT_ARM,1625011778600700913,1.440564E7
LEFT_ARM,1625011778634033882,1.440192E7
LEFT_ARM,1625011778667366851,1.4398939E7
LEFT_ARM,1625011778700699819,1.4400472E7
LEFT_ARM,1625011778734032788,1.4403323E7
LEFT_ARM,1625011778767365757,1.4407275E7
LEFT_ARM,1625011778800698726,1.4411627E7
LEFT_ARM,1625011778834031694,1.441204E7
LEFT_ARM,1625011778867364663,1.4418715E7
LEFT_ARM,1625011778900697632,1.4426853E7
LEFT_ARM,1625011778934030601,1.4433517E7
LEFT_ARM,1625011778967363569,1.4441875E7
LEFT_ARM,1625011779000696538,1.4453713E7
LEFT_ARM,1625011779034029507,1.4464485E7
LEFT_ARM,1625011779067362476,1.4475548E7
LEFT_ARM,1625011779100695444,1.4483653E7
LEFT_ARM,1625011779134028413,1.4492288E7
LEFT_ARM,1625011779167361382,1.4502953E7
LEFT_ARM,1625011779200694351,1.4507288E7
LEFT_ARM,1625011779234027319,1.4490688E7
LEFT_ARM,1625011779267360288,1.4472083E7
LEFT_ARM,1625011779300693257,1.4457396E7
LEFT_ARM,1625011779334026226,1.4444773E7
LEFT_ARM,1625011779367359194,1.4434411E7
LEFT_ARM,1625011779400692163,1.4424171E7
LEFT_ARM,1625011779434025132,1.4416083E7
LEFT_ARM,1625011779467358101,1.440868E7
LEFT_ARM,1625011779500691069,1.440764E7
LEFT_ARM,1625011779534024038,1.4404512E7
LEFT_ARM,1625011779567357007,1.4397844E7
LEFT_ARM,1625011779600689976,1.4395648E7
LEFT_ARM,1625011779634022944,1.4396499E7
LEFT_ARM,1625011779667355913,1.4396045E7
LEFT_ARM,1625011779700688882,1.4400368E7
LEFT_ARM,1625011779734021851,1.4398168E7
LEFT_ARM,1625011779767354819,1.4404799E7
LEFT_ARM,1625011779800687788,1.4410388E7
LEFT_ARM,1625011779834020757,1.4413595E7
LEFT_ARM,1625011779867353726,1.4416417E7
LEFT_ARM,1625011779900686694,1.4421361E7
LEFT_ARM,1625011779934019663,1.4426381E7
LEFT_ARM,1625011779967352632,1.4433361E7
LEFT_ARM,1625011780000685601,1.4439621E7
LEFT_ARM,1625011780034018569,1.4444568E7
LEFT_ARM,1625011780067351538,1.4455193E7
LEFT_ARM,1625011780100684507,1.4461335E7
LEFT_ARM,1625011780134017476,1.4470075E7
RIGHT_ARM,1625011751194000000,1.775905E7
RIGHT_ARM,1625011751227332968,1.777309E7
RIGHT_ARM,1625011751260665937,1.7775052E7
RIGHT_ARM,1625011751293998906,1.7784858E7
RIGHT_ARM,1625011751327331875,1.779825E7
RIGHT_ARM,1625011751360664843,1.7819544E7
RIGHT_ARM,1625011751393997812,1.7841142E7
RIGHT_ARM,1625011751427330781,1.7866354E7
RIGHT_ARM,1625011751460663750,1.7906774E7
RIGHT_ARM,1625011751493996718,1.7942166E7
RIGHT_ARM,1625011751527329687,1.7982004E7
RIGHT_ARM,1625011751560662656,1.8012546E7
RIGHT_ARM,1625011751593995625,1.8047566E7
RIGHT_ARM,1625011751627328593,1.8082672E7
RIGHT_ARM,1625011751660661562,1.8118282E7
RIGHT_ARM,1625011751693994531,1.8154718E7
RIGHT_ARM,1625011751727327500,1.8191274E7
RIGHT_ARM,1625011751760660468,1.823027E7
RIGHT_ARM,1625011751793993437,1.8252118E7
RIGHT_ARM,1625011751827326406,1.8193354E7
RIGHT_ARM,1625011751860659375,1.8100664E7
RIGHT_ARM,1625011751893992343,1.802584E7
RIGHT_ARM,1625011751927325312,1.798381E7
RIGHT_ARM,1625011751960658281,1.7965982E7
RIGHT_ARM,1625011751993991250,1.7952728E7
RIGHT_ARM,1625011752027324218,1.7948638E7
RIGHT_ARM,1625011752060657187,1.795476E7
RIGHT_ARM,1625011752093990156,1.7975206E7
RIGHT_ARM,1625011752127323125,1.7988858E7
RIGHT_ARM,1625011752160656093,1.7995992E7
RIGHT_ARM,1625011752193989062,1.799809E7
RIGHT_ARM,1625011752227322031,1.8011408E7
RIGHT_ARM,1625011752260655000,1.8037496E7
RIGHT_ARM,1625011752293987968,1.8069864E7
RIGHT_ARM,1625011752327320937,1.8093686E7
RIGHT_ARM,1625011752360653906,1.8129984E7
RIGHT_ARM,1625011752393986875,1.8168414E7
RIGHT_ARM,1625011752427319843,1.820813E7
RIGHT_ARM,1625011752460652812,1.8236822E7
RIGHT_ARM,1625011752493985781,1.826124E7
RIGHT_ARM,1625011752527318750,1.8292434E7
RIGHT_ARM,1625011752560651718,1.8323754E7
RIGHT_ARM,1625011752593984687,1.8360674E7
RIGHT_ARM,1625011752627317656,1.8396176E7
RIGHT_ARM,1625011752660650625,1.8430352E7
RIGHT_ARM,1625011752693983593,1.8427258E7
RIGHT_ARM,1625011752727316562,1.8347674E7
RIGHT_ARM,1625011752760649531,1.8247722E7
RIGHT_ARM,1625011752793982500,1.8180948E7
RIGHT_ARM,1625011752827315468,1.8134966E7
RIGHT_ARM,1625011752860648437,1.8107758E7
RIGHT_ARM,1625011752893981406,1.8088826E7
RIGHT_ARM,1625011752927314375,1.8078296E7
RIGHT_ARM,1625011752960647343,1.8085094E7
RIGHT_ARM,1625011752993980312,1.8092964E7
RIGHT_ARM,1625011753027313281,1.8098064E7
RIGHT_ARM,1625011753060646250,1.8109852E7
RIGHT_ARM,1625011753093979218,1.8114826E7
RIGHT_ARM,1625011753127312187,1.813117E7
RIGHT_ARM,1625011753160645156,1.814821E7
RIGHT_ARM,1625011753193978125,1.8172768E7
RIGHT_ARM,1625011753227311093,1.8203704E7
RIGHT_ARM,1625011753260644062,1.8234986E7
RIGHT_ARM,1625011753293977031,1.8260674E7
RIGHT_ARM,1625011753327310000,1.829064E7
RIGHT_ARM,1625011753360642968,1.8319194E7
RIGHT_ARM,1625011753393975937,1.8346486E7
RIGHT_ARM,1625011753427308906,1.8375136E7
RIGHT_ARM,1625011753460641875,1.8403266E7
RIGHT_ARM,1625011753493974843,1.8432174E7
RIGHT_ARM,1625011753527307812,1.8468134E7
RIGHT_ARM,1625011753560640781,1.849683E7
RIGHT_ARM,1625011753593973750,1.851015E7
RIGHT_ARM,1625011753627306718,1.8453014E7
RIGHT_ARM,1625011753660639687,1.8348734E7
RIGHT_ARM,1625011753693972656,1.8264854E7
RIGHT_ARM,1625011753727305625,1.8218394E7
RIGHT_ARM,1625011753760638593,1.8190658E7
RIGHT_ARM,1625011753793971562,1.8166648E7
RIGHT_ARM,1625011753827304531,1.8146856E7
RIGHT_ARM,1625011753860637500,1.8149266E7
RIGHT_ARM,1625011753893970468,1.8161442E7
RIGHT_ARM,1625011753927303437,1.8166396E7
RIGHT_ARM,1625011753960636406,1.816549E7
RIGHT_ARM,1625011753993969375,1.81738E7
RIGHT_ARM,1625011754027302343,1.819004E7
RIGHT_ARM,1625011754060635312,1.8210502E7
RIGHT_ARM,1625011754093968281,1.822983E7
RIGHT_ARM,1625011754127301250,1.8250662E7
RIGHT_ARM,1625011754160634218,1.8280912E7
RIGHT_ARM,1625011754193967187,1.8317806E7
RIGHT_ARM,1625011754227300156,1.8347822E7
RIGHT_ARM,1625011754260633125,1.8373322E7
RIGHT_ARM,1625011754293966093,1.839395E7
RIGHT_ARM,1625011754327299062,1.8424974E7
RIGHT_ARM,1625011754360632031,1.8449128E7
RIGHT_ARM,1625011754393965000,1.8470194E7
RIGHT_ARM,1625011754427297968,1.8500098E7
RIGHT_ARM,1625011754460630937,1.8539394E7
RIGHT_ARM,1625011754493963906,1.8561492E7
RIGHT_ARM,1625011754527296875,1.8496046E7
RIGHT_ARM,1625011754560629843,1.8390618E7
RIGHT_ARM,1625011754593962812,1.8313678E7
RIGHT_ARM,1625011754627295781,1.8267558E7
RIGHT_ARM,1625011754660628750,1.8243762E7
RIGHT_ARM,1625011754693961718,1.8221098E7
RIGHT_ARM,1625011754727294687,1.8209048E7
RIGHT_ARM,1625011754760627656,1.8212642E7
RIGHT_ARM,1625011754793960625,1.8221286E7
RIGHT_ARM,1625011754827293593,1.8227342E7
RIGHT_ARM,1625011754860626562,1.8233368E7
RIGHT_ARM,1625011754893959531,1.8233574E7
RIGHT_ARM,1625011754927292500,1.8243958E7
RIGHT_ARM,1625011754960625468,1.825432E7
RIGHT_ARM,1625011754993958437,1.8278266E7
RIGHT_ARM,1625011755027291406,1.8304762E7
RIGHT_ARM,1625011755060624375,1.8331538E7
RIGHT_ARM,1625011755093957343,1.8353974E7
RIGHT_ARM,1625011755127290312,1.838289E7
RIGHT_ARM,1625011755160623281,1.8413864E7
RIGHT_ARM,1625011755193956250,1.8440422E7
RIGHT_ARM,1625011755227289218,1.8466286E7
RIGHT_ARM,1625011755260622187,1.849411E7
RIGHT_ARM,1625011755293955156,1.85256E7
RIGHT_ARM,1625011755327288125,1.8553706E7
RIGHT_ARM,1625011755360621093,1.8590358E7
RIGHT_ARM,1625011755393954062,1.8624166E7
RIGHT_ARM,1625011755427287031,1.8640022E7
RIGHT_ARM,1625011755460620000,1.8568854E7
RIGHT_ARM,1625011755493952968,1.84622E7
RIGHT_ARM,1625011755527285937,1.83824E7
RIGHT_ARM,1625011755560618906,1.833677E7
RIGHT_ARM,1625011755593951875,1.8304666E7
RIGHT_ARM,1625011755627284843,1.8276432E7
RIGHT_ARM,1625011755660617812,1.8261486E7
RIGHT_ARM,1625011755693950781,1.8257328E7
RIGHT_ARM,1625011755727283750,1.8262562E7
RIGHT_ARM,1625011755760616718,1.8267204E7
RIGHT_ARM,1625011755793949687,1.8268968E7
RIGHT_ARM,1625011755827282656,1.8274734E7
RIGHT_ARM,1625011755860615625,1.8286546E7
RIGHT_ARM,1625011755893948593,1.8302714E7
RIGHT_ARM,1625011755927281562,1.8323978E7
RIGHT_ARM,1625011755960614531,1.8346104E7
RIGHT_ARM,1625011755993947500,1.8367106E7
RIGHT_ARM,1625011756027280468,1.8400272E7
RIGHT_ARM,1625011756060613437,1.8426458E7
RIGHT_ARM,1625011756093946406,1.8454834E7
RIGHT_ARM,1625011756127279375,1.8478522E7
RIGHT_ARM,1625011756160612343,1.8506558E7
RIGHT_ARM,1625011756193945312,1.8531896E7
RIGHT_ARM,1625011756227278281,1.8564688E7
RIGHT_ARM,1625011756260611250,1.8591012E7
RIGHT_ARM,1625011756293944218,1.8624044E7
RIGHT_ARM,1625011756327277187,1.8654514E7
RIGHT_ARM,1625011756360610156,1.868379E7
RIGHT_ARM,1625011756393943125,1.8679584E7
RIGHT_ARM,1625011756427276093,1.8598104E7
RIGHT_ARM,1625011756460609062,1.8498314E7
RIGHT_ARM,1625011756493942031,1.8433714E7
RIGHT_ARM,1625011756527275000,1.8399146E7
RIGHT_ARM,1625011756560607968,1.8373808E7
RIGHT_ARM,1625011756593940937,1.8362298E7
RIGHT_ARM,1625011756627273906,1.8351752E7
RIGHT_ARM,1625011756660606875,1.8359606E7
RIGHT_ARM,1625011756693939843,1.8360174E7
RIGHT_ARM,1625011756727272812,1.8365836E7
RIGHT_ARM,1625011756760605781,1.8367926E7
RIGHT_ARM,1625011756793938750,1.8374888E7
RIGHT_ARM,1625011756827271718,1.8391218E7
RIGHT_ARM,1625011756860604687,1.8407526E7
RIGHT_ARM,1625011756893937656,1.8435518E7
RIGHT_ARM,1625011756927270625,1.8465686E7
RIGHT_ARM,1625011756960603593,1.8490576E7
RIGHT_ARM,1625011756993936562,1.851927E7
RIGHT_ARM,1625011757027269531,1.8553268E7
RIGHT_ARM,1625011757060602500,1.8583748E7
RIGHT_ARM,1625011757093935468,1.8613598E7
RIGHT_ARM,1625011757127268437,1.864227E7
RIGHT_ARM,1625011757160601406,1.8669886E7
RIGHT_ARM,1625011757193934375,1.8696998E7
RIGHT_ARM,1625011757227267343,1.8734538E7
RIGHT_ARM,1625011757260600312,1.8766778E7
RIGHT_ARM,1625011757293933281,1.8785678E7
RIGHT_ARM,1625011757327266250,1.874023E7
RIGHT_ARM,1625011757360599218,1.8644488E7
RIGHT_ARM,1625011757393932187,1.8568224E7
RIGHT_ARM,1625011757427265156,1.8516494E7
RIGHT_ARM,1625011757460598125,1.8485146E7
RIGHT_ARM,1625011757493931093,1.8467954E7
RIGHT_ARM,1625011757527264062,1.8451352E7
RIGHT_ARM,1625011757560597031,1.845001E7
RIGHT_ARM,1625011757593930000,1.846273E7
RIGHT_ARM,1625011757627262968,1.8465754E7
RIGHT_ARM,1625011757660595937,1.846552E7
RIGHT_ARM,1625011757693928906,1.8460312E7
RIGHT_ARM,1625011757727261875,1.847217E7
RIGHT_ARM,1625011757760594843,1.8482784E7
RIGHT_ARM,1625011757793927812,1.8508058E7
RIGHT_ARM,1625011757827260781,1.8523866E7
RIGHT_ARM,1625011757860593750,1.8552906E7
RIGHT_ARM,1625011757893926718,1.8579974E7
RIGHT_ARM,1625011757927259687,1.860604E7
RIGHT_ARM,1625011757960592656,1.8633736E7
RIGHT_ARM,1625011757993925625,1.8662946E7
RIGHT_ARM,1625011758027258593,1.8691074E7
RIGHT_ARM,1625011758060591562,1.8717726E7
RIGHT_ARM,1625011758093924531,1.874724E7
RIGHT_ARM,1625011758127257500,1.8770852E7
RIGHT_ARM,1625011758160590468,1.8805494E7
RIGHT_ARM,1625011758193923437,1.8830322E7
RIGHT_ARM,1625011758227256406,1.8858766E7
RIGHT_ARM,1625011758260589375,1.8859494E7
RIGHT_ARM,1625011758293922343,1.8776876E7
RIGHT_ARM,1625011758327255312,1.866911E7
RIGHT_ARM,1625011758360588281,1.8588908E7
RIGHT_ARM,1625011758393921250,1.8538534E7
RIGHT_ARM,1625011758427254218,1.8509494E7
RIGHT_ARM,1625011758460587187,1.8480886E7
RIGHT_ARM,1625011758493920156,1.8457382E7
RIGHT_ARM,1625011758527253125,1.8448054E7
RIGHT_ARM,1625011758560586093,1.8448908E7
RIGHT_ARM,1625011758593919062,1.8446094E7
RIGHT_ARM,1625011758627252031,1.8446418E7
RIGHT_ARM,1625011758660585000,1.8449232E7
RIGHT_ARM,1625011758693917968,1.8453002E7
RIGHT_ARM,1625011758727250937,1.8469282E7
RIGHT_ARM,1625011758760583906,1.849141E7
RIGHT_ARM,1625011758793916875,1.8506118E7
RIGHT_ARM,1625011758827249843,1.8531866E7
RIGHT_ARM,1625011758860582812,1.8558686E7
RIGHT_ARM,1625011758893915781,1.8582404E7
RIGHT_ARM,1625011758927248750,1.8610362E7
RIGHT_ARM,1625011758960581718,1.8636432E7
RIGHT_ARM,1625011758993914687,1.8603914E7
RIGHT_ARM,1625011759027247656,1.8566854E7
RIGHT_ARM,1625011759060580625,1.8560354E7
RIGHT_ARM,1625011759093913593,1.8530534E7
RIGHT_ARM,1625011759127246562,1.8492942E7
RIGHT_ARM,1625011759160579531,1.8493616E7
RIGHT_ARM,1625011759193912500,1.8515434E7
RIGHT_ARM,1625011759227245468,1.8509168E7
RIGHT_ARM,1625011759260578437,1.8424138E7
RIGHT_ARM,1625011759293911406,1.8325902E7
RIGHT_ARM,1625011759327244375,1.8264542E7
RIGHT_ARM,1625011759360577343,1.8232626E7
RIGHT_ARM,1625011759393910312,1.821755E7
RIGHT_ARM,1625011759427243281,1.822947E7
RIGHT_ARM,1625011759460576250,1.8298298E7
RIGHT_ARM,1625011759493909218,1.8314662E7
RIGHT_ARM,1625011759527242187,1.823528E7
RIGHT_ARM,1625011759560575156,1.812064E7
RIGHT_ARM,1625011759593908125,1.8011726E7
RIGHT_ARM,1625011759627241093,1.796149E7
RIGHT_ARM,1625011759660574062,1.8007442E7
RIGHT_ARM,1625011759693907031,1.817452E7
RIGHT_ARM,1625011759727240000,1.8444488E7
RIGHT_ARM,1625011759760572968,1.8704826E7
RIGHT_ARM,1625011759793905937,1.8863706E7
RIGHT_ARM,1625011759827238906,1.8952958E7
RIGHT_ARM,1625011759860571875,1.9000798E7
RIGHT_ARM,1625011759893904843,1.902729E7
RIGHT_ARM,1625011759927237812,1.9056592E7
RIGHT_ARM,1625011759960570781,1.9091854E7
RIGHT_ARM,1625011759993903750,1.9114594E7
RIGHT_ARM,1625011760027236718,1.913135E7
RIGHT_ARM,1625011760060569687,1.9145572E7
RIGHT_ARM,1625011760093902656,1.9173936E7
RIGHT_ARM,1625011760127235625,1.9208278E7
RIGHT_ARM,1625011760160568593,1.9213562E7
RIGHT_ARM,1625011760193901562,1.912835E7
RIGHT_ARM,1625011760227234531,1.901057E7
RIGHT_ARM,1625011760260567500,1.891944E7
RIGHT_ARM,1625011760293900468,1.8851816E7
RIGHT_ARM,1625011760327233437,1.8796526E7
RIGHT_ARM,1625011760360566406,1.8740822E7
RIGHT_ARM,1625011760393899375,1.8698226E7
RIGHT_ARM,1625011760427232343,1.8673914E7
RIGHT_ARM,1625011760460565312,1.8654832E7
RIGHT_ARM,1625011760493898281,1.863411E7
RIGHT_ARM,1625011760527231250,1.8614982E7
RIGHT_ARM,1625011760560564218,1.8600492E7
RIGHT_ARM,1625011760593897187,1.8585206E7
RIGHT_ARM,1625011760627230156,1.8570932E7
RIGHT_ARM,1625011760660563125,1.857093E7
RIGHT_ARM,1625011760693896093,1.8571608E7
RIGHT_ARM,1625011760727229062,1.8572966E7
RIGHT_ARM,1625011760760562031,1.858199E7
RIGHT_ARM,1625011760793895000,1.859777E7
RIGHT_ARM,1625011760827227968,1.861042E7
RIGHT_ARM,1625011760860560937,1.8618446E7
RIGHT_ARM,1625011760893893906,1.8622352E7
RIGHT_ARM,1625011760927226875,1.8635726E7
RIGHT_ARM,1625011760960559843,1.8648634E7
RIGHT_ARM,1625011760993892812,1.865952E7
RIGHT_ARM,1625011761027225781,1.8675778E7
RIGHT_ARM,1625011761060558750,1.8691472E7
RIGHT_ARM,1625011761093891718,1.8717446E7
RIGHT_ARM,1625011761127224687,1.8733992E7
RIGHT_ARM,1625011761160557656,1.8699194E7
RIGHT_ARM,1625011761193890625,1.8589698E7
RIGHT_ARM,1625011761227223593,1.84782E7
RIGHT_ARM,1625011761260556562,1.8390754E7
RIGHT_ARM,1625011761293889531,1.8331858E7
RIGHT_ARM,1625011761327222500,1.8286502E7
RIGHT_ARM,1625011761360555468,1.825155E7
RIGHT_ARM,1625011761393888437,1.8217402E7
RIGHT_ARM,1625011761427221406,1.820537E7
RIGHT_ARM,1625011761460554375,1.8198678E7
RIGHT_ARM,1625011761493887343,1.8178544E7
RIGHT_ARM,1625011761527220312,1.8163126E7
RIGHT_ARM,1625011761560553281,1.815095E7
RIGHT_ARM,1625011761593886250,1.815047E7
RIGHT_ARM,1625011761627219218,1.8154966E7
RIGHT_ARM,1625011761660552187,1.8155568E7
RIGHT_ARM,1625011761693885156,1.817223E7
RIGHT_ARM,1625011761727218125,1.8185788E7
RIGHT_ARM,1625011761760551093,1.8205454E7
RIGHT_ARM,1625011761793884062,1.8224042E7
RIGHT_ARM,1625011761827217031,1.8240394E7
RIGHT_ARM,1625011761860550000,1.8260542E7
RIGHT_ARM,1625011761893882968,1.8279726E7
RIGHT_ARM,1625011761927215937,1.830193E7
RIGHT_ARM,1625011761960548906,1.83224E7
RIGHT_ARM,1625011761993881875,1.8343082E7
RIGHT_ARM,1625011762027214843,1.8367854E7
RIGHT_ARM,1625011762060547812,1.8392362E7
RIGHT_ARM,1625011762093880781,1.840301E7
RIGHT_ARM,1625011762127213750,1.8345776E7
RIGHT_ARM,1625011762160546718,1.8244986E7
RIGHT_ARM,1625011762193879687,1.8149386E7
RIGHT_ARM,1625011762227212656,1.8088162E7
RIGHT_ARM,1625011762260545625,1.8041838E7
RIGHT_ARM,1625011762293878593,1.8005028E7
RIGHT_ARM,1625011762327211562,1.7975846E7
RIGHT_ARM,1625011762360544531,1.796261E7
RIGHT_ARM,1625011762393877500,1.7954382E7
RIGHT_ARM,1625011762427210468,1.795115E7
RIGHT_ARM,1625011762460543437,1.794526E7
RIGHT_ARM,1625011762493876406,1.7942258E7
RIGHT_ARM,1625011762527209375,1.7941736E7
RIGHT_ARM,1625011762560542343,1.7947658E7
RIGHT_ARM,1625011762593875312,1.7962592E7
RIGHT_ARM,1625011762627208281,1.7979158E7
RIGHT_ARM,1625011762660541250,1.800019E7
RIGHT_ARM,1625011762693874218,1.8023072E7
RIGHT_ARM,1625011762727207187,1.804307E7
RIGHT_ARM,1625011762760540156,1.8070616E7
RIGHT_ARM,1625011762793873125,1.8091558E7
RIGHT_ARM,1625011762827206093,1.8113982E7
RIGHT_ARM,1625011762860539062,1.8133666E7
RIGHT_ARM,1625011762893872031,1.8163838E7
RIGHT_ARM,1625011762927205000,1.8190024E7
RIGHT_ARM,1625011762960537968,1.8211322E7
RIGHT_ARM,1625011762993870937,1.8240832E7
RIGHT_ARM,1625011763027203906,1.8267624E7
RIGHT_ARM,1625011763060536875,1.8294626E7
RIGHT_ARM,1625011763093869843,1.8257712E7
RIGHT_ARM,1625011763127202812,1.8156382E7
RIGHT_ARM,1625011763160535781,1.8061098E7
RIGHT_ARM,1625011763193868750,1.7992274E7
RIGHT_ARM,1625011763227201718,1.7957206E7
RIGHT_ARM,1625011763260534687,1.7935054E7
RIGHT_ARM,1625011763293867656,1.790336E7
RIGHT_ARM,1625011763327200625,1.7878806E7
RIGHT_ARM,1625011763360533593,1.7869898E7
RIGHT_ARM,1625011763393866562,1.7876688E7
RIGHT_ARM,1625011763427199531,1.787579E7
RIGHT_ARM,1625011763460532500,1.7875536E7
RIGHT_ARM,1625011763493865468,1.7870246E7
RIGHT_ARM,1625011763527198437,1.7879752E7
RIGHT_ARM,1625011763560531406,1.7900496E7
RIGHT_ARM,1625011763593864375,1.7918306E7
RIGHT_ARM,1625011763627197343,1.7939502E7
RIGHT_ARM,1625011763660530312,1.7964526E7
RIGHT_ARM,1625011763693863281,1.798769E7
RIGHT_ARM,1625011763727196250,1.8007898E7
RIGHT_ARM,1625011763760529218,1.8036376E7
RIGHT_ARM,1625011763793862187,1.8065006E7
RIGHT_ARM,1625011763827195156,1.8097426E7
RIGHT_ARM,1625011763860528125,1.8124664E7
RIGHT_ARM,1625011763893861093,1.815708E7
RIGHT_ARM,1625011763927194062,1.8189318E7
RIGHT_ARM,1625011763960527031,1.8212574E7
RIGHT_ARM,1625011763993860000,1.824201E7
RIGHT_ARM,1625011764027192968,1.8267434E7
RIGHT_ARM,1625011764060525937,1.8230042E7
RIGHT_ARM,1625011764093858906,1.8143552E7
RIGHT_ARM,1625011764127191875,1.8062928E7
RIGHT_ARM,1625011764160524843,1.800531E7
RIGHT_ARM,1625011764193857812,1.7972118E7
RIGHT_ARM,1625011764227190781,1.7949138E7
RIGHT_ARM,1625011764260523750,1.7930078E7
RIGHT_ARM,1625011764293856718,1.7930578E7
RIGHT_ARM,1625011764327189687,1.7932718E7
RIGHT_ARM,1625011764360522656,1.792859E7
RIGHT_ARM,1625011764393855625,1.7923506E7
RIGHT_ARM,1625011764427188593,1.7933706E7
RIGHT_ARM,1625011764460521562,1.7937766E7
RIGHT_ARM,1625011764493854531,1.7954358E7
RIGHT_ARM,1625011764527187500,1.7966122E7
RIGHT_ARM,1625011764560520468,1.7989058E7
RIGHT_ARM,1625011764593853437,1.8010246E7
RIGHT_ARM,1625011764627186406,1.8034768E7
RIGHT_ARM,1625011764660519375,1.8054942E7
RIGHT_ARM,1625011764693852343,1.8079914E7
RIGHT_ARM,1625011764727185312,1.8107698E7
RIGHT_ARM,1625011764760518281,1.8134462E7
RIGHT_ARM,1625011764793851250,1.815651E7
RIGHT_ARM,1625011764827184218,1.818095E7
RIGHT_ARM,1625011764860517187,1.8205482E7
RIGHT_ARM,1625011764893850156,1.8235088E7
RIGHT_ARM,1625011764927183125,1.8262306E7
RIGHT_ARM,1625011764960516093,1.8295298E7
RIGHT_ARM,1625011764993849062,1.8307818E7
RIGHT_ARM,1625011765027182031,1.8251984E7
RIGHT_ARM,1625011765060515000,1.8157808E7
RIGHT_ARM,1625011765093847968,1.8073774E7
RIGHT_ARM,1625011765127180937,1.8018196E7
RIGHT_ARM,1625011765160513906,1.7982078E7
RIGHT_ARM,1625011765193846875,1.7953428E7
RIGHT_ARM,1625011765227179843,1.7928398E7
RIGHT_ARM,1625011765260512812,1.7917606E7
RIGHT_ARM,1625011765293845781,1.7915016E7
RIGHT_ARM,1625011765327178750,1.791285E7
RIGHT_ARM,1625011765360511718,1.7909218E7
RIGHT_ARM,1625011765393844687,1.7905578E7
RIGHT_ARM,1625011765427177656,1.7907006E7
RIGHT_ARM,1625011765460510625,1.7916776E7
RIGHT_ARM,1625011765493843593,1.7933158E7
RIGHT_ARM,1625011765527176562,1.7949678E7
RIGHT_ARM,1625011765560509531,1.7973102E7
RIGHT_ARM,1625011765593842500,1.7997736E7
RIGHT_ARM,1625011765627175468,1.8020062E7
RIGHT_ARM,1625011765660508437,1.8039566E7
RIGHT_ARM,1625011765693841406,1.8067284E7
RIGHT_ARM,1625011765727174375,1.8093926E7
RIGHT_ARM,1625011765760507343,1.8118872E7
RIGHT_ARM,1625011765793840312,1.8133878E7
RIGHT_ARM,1625011765827173281,1.8161112E7
RIGHT_ARM,1625011765860506250,1.8188738E7
RIGHT_ARM,1625011765893839218,1.8218644E7
RIGHT_ARM,1625011765927172187,1.8244212E7
RIGHT_ARM,1625011765960505156,1.8236812E7
RIGHT_ARM,1625011765993838125,1.8165414E7
RIGHT_ARM,1625011766027171093,1.8071764E7
RIGHT_ARM,1625011766060504062,1.7996084E7
RIGHT_ARM,1625011766093837031,1.7943654E7
RIGHT_ARM,1625011766127170000,1.7909054E7
RIGHT_ARM,1625011766160502968,1.7886128E7
RIGHT_ARM,1625011766193835937,1.7865384E7
RIGHT_ARM,1625011766227168906,1.785892E7
RIGHT_ARM,1625011766260501875,1.7860104E7
RIGHT_ARM,1625011766293834843,1.7852454E7
RIGHT_ARM,1625011766327167812,1.7847592E7
RIGHT_ARM,1625011766360500781,1.7854976E7
RIGHT_ARM,1625011766393833750,1.7861522E7
RIGHT_ARM,1625011766427166718,1.7872414E7
RIGHT_ARM,1625011766460499687,1.789175E7
RIGHT_ARM,1625011766493832656,1.7914566E7
RIGHT_ARM,1625011766527165625,1.7932122E7
RIGHT_ARM,1625011766560498593,1.7957616E7
RIGHT_ARM,1625011766593831562,1.7982098E7
RIGHT_ARM,1625011766627164531,1.8003394E7
RIGHT_ARM,1625011766660497500,1.8032662E7
RIGHT_ARM,1625011766693830468,1.8056688E7
RIGHT_ARM,1625011766727163437,1.8082502E7
RIGHT_ARM,1625011766760496406,1.8109624E7
RIGHT_ARM,1625011766793829375,1.813151E7
RIGHT_ARM,1625011766827162343,1.815988E7
RIGHT_ARM,1625011766860495312,1.8187766E7
RIGHT_ARM,1625011766893828281,1.8214418E7
RIGHT_ARM,1625011766927161250,1.818411E7
RIGHT_ARM,1625011766960494218,1.8092234E7
RIGHT_ARM,1625011766993827187,1.8011742E7
RIGHT_ARM,1625011767027160156,1.7965066E7
RIGHT_ARM,1625011767060493125,1.7939638E7
RIGHT_ARM,1625011767093826093,1.7925514E7
RIGHT_ARM,1625011767127159062,1.7905824E7
RIGHT_ARM,1625011767160492031,1.7902568E7
RIGHT_ARM,1625011767193825000,1.7915112E7
RIGHT_ARM,1625011767227157968,1.792276E7
RIGHT_ARM,1625011767260490937,1.7923716E7
RIGHT_ARM,1625011767293823906,1.7925136E7
RIGHT_ARM,1625011767327156875,1.7927978E7
RIGHT_ARM,1625011767360489843,1.7945064E7
RIGHT_ARM,1625011767393822812,1.7965256E7
RIGHT_ARM,1625011767427155781,1.798937E7
RIGHT_ARM,1625011767460488750,1.8014426E7
RIGHT_ARM,1625011767493821718,1.804026E7
RIGHT_ARM,1625011767527154687,1.8071698E7
RIGHT_ARM,1625011767560487656,1.8100938E7
RIGHT_ARM,1625011767593820625,1.8130332E7
RIGHT_ARM,1625011767627153593,1.8153624E7
RIGHT_ARM,1625011767660486562,1.8179222E7
RIGHT_ARM,1625011767693819531,1.8207922E7
RIGHT_ARM,1625011767727152500,1.823025E7
RIGHT_ARM,1625011767760485468,1.8261688E7
RIGHT_ARM,1625011767793818437,1.829699E7
RIGHT_ARM,1625011767827151406,1.8315666E7
RIGHT_ARM,1625011767860484375,1.827292E7
RIGHT_ARM,1625011767893817343,1.818109E7
RIGHT_ARM,1625011767927150312,1.8096984E7
RIGHT_ARM,1625011767960483281,1.8039878E7
RIGHT_ARM,1625011767993816250,1.8000624E7
RIGHT_ARM,1625011768027149218,1.7978778E7
RIGHT_ARM,1625011768060482187,1.7963318E7
RIGHT_ARM,1625011768093815156,1.7952048E7
RIGHT_ARM,1625011768127148125,1.7955576E7
RIGHT_ARM,1625011768160481093,1.79557E7
RIGHT_ARM,1625011768193814062,1.7957508E7
RIGHT_ARM,1625011768227147031,1.7955502E7
RIGHT_ARM,1625011768260480000,1.795895E7
RIGHT_ARM,1625011768293812968,1.7969366E7
RIGHT_ARM,1625011768327145937,1.798647E7
RIGHT_ARM,1625011768360478906,1.8005446E7
RIGHT_ARM,1625011768393811875,1.8032832E7
RIGHT_ARM,1625011768427144843,1.8050234E7
RIGHT_ARM,1625011768460477812,1.8078828E7
RIGHT_ARM,1625011768493810781,1.8104576E7
RIGHT_ARM,1625011768527143750,1.812512E7
RIGHT_ARM,1625011768560476718,1.8154862E7
RIGHT_ARM,1625011768593809687,1.817704E7
RIGHT_ARM,1625011768627142656,1.8201018E7
RIGHT_ARM,1625011768660475625,1.8230188E7
RIGHT_ARM,1625011768693808593,1.8257058E7
RIGHT_ARM,1625011768727141562,1.8285594E7
RIGHT_ARM,1625011768760474531,1.826827E7
RIGHT_ARM,1625011768793807500,1.8186654E7
RIGHT_ARM,1625011768827140468,1.809943E7
RIGHT_ARM,1625011768860473437,1.8041048E7
RIGHT_ARM,1625011768893806406,1.8008352E7
RIGHT_ARM,1625011768927139375,1.7982202E7
RIGHT_ARM,1625011768960472343,1.7960762E7
RIGHT_ARM,1625011768993805312,1.794793E7
RIGHT_ARM,1625011769027138281,1.7949714E7
RIGHT_ARM,1625011769060471250,1.7953746E7
RIGHT_ARM,1625011769093804218,1.7947694E7
RIGHT_ARM,1625011769127137187,1.795548E7
RIGHT_ARM,1625011769160470156,1.796008E7
RIGHT_ARM,1625011769193803125,1.797342E7
RIGHT_ARM,1625011769227136093,1.7992362E7
RIGHT_ARM,1625011769260469062,1.8016954E7
RIGHT_ARM,1625011769293802031,1.8047352E7
RIGHT_ARM,1625011769327135000,1.8074874E7
RIGHT_ARM,1625011769360467968,1.809707E7
RIGHT_ARM,1625011769393800937,1.8124566E7
RIGHT_ARM,1625011769427133906,1.815653E7
RIGHT_ARM,1625011769460466875,1.818301E7
RIGHT_ARM,1625011769493799843,1.8212426E7
RIGHT_ARM,1625011769527132812,1.823618E7
RIGHT_ARM,1625011769560465781,1.826587E7
RIGHT_ARM,1625011769593798750,1.8299654E7
RIGHT_ARM,1625011769627131718,1.8309488E7
RIGHT_ARM,1625011769660464687,1.8253882E7
RIGHT_ARM,1625011769693797656,1.816883E7
RIGHT_ARM,1625011769727130625,1.8103514E7
RIGHT_ARM,1625011769760463593,1.8064436E7
RIGHT_ARM,1625011769793796562,1.8038594E7
RIGHT_ARM,1625011769827129531,1.8018058E7
RIGHT_ARM,1625011769860462500,1.8002674E7
RIGHT_ARM,1625011769893795468,1.8004024E7
RIGHT_ARM,1625011769927128437,1.8015198E7
RIGHT_ARM,1625011769960461406,1.8016286E7
RIGHT_ARM,1625011769993794375,1.8018042E7
RIGHT_ARM,1625011770027127343,1.7981998E7
RIGHT_ARM,1625011770060460312,1.7890786E7
RIGHT_ARM,1625011770093793281,1.7840814E7
RIGHT_ARM,1625011770127126250,1.7865402E7
RIGHT_ARM,1625011770160459218,1.7884462E7
RIGHT_ARM,1625011770193792187,1.7944374E7
RIGHT_ARM,1625011770227125156,1.8019088E7
RIGHT_ARM,1625011770260458125,1.8084466E7
RIGHT_ARM,1625011770293791093,1.8157018E7
RIGHT_ARM,1625011770327124062,1.8242302E7
RIGHT_ARM,1625011770360457031,1.830661E7
RIGHT_ARM,1625011770393790000,1.8331522E7
RIGHT_ARM,1625011770427122968,1.8318794E7
RIGHT_ARM,1625011770460455937,1.8292544E7
RIGHT_ARM,1625011770493788906,1.8265062E7
RIGHT_ARM,1625011770527121875,1.8292124E7
RIGHT_ARM,1625011770560454843,1.837344E7
RIGHT_ARM,1625011770593787812,1.8457244E7
RIGHT_ARM,1625011770627120781,1.8528942E7
RIGHT_ARM,1625011770660453750,1.8572522E7
RIGHT_ARM,1625011770693786718,1.858557E7
RIGHT_ARM,1625011770727119687,1.8587248E7
RIGHT_ARM,1625011770760452656,1.8585314E7
RIGHT_ARM,1625011770793785625,1.8572274E7
RIGHT_ARM,1625011770827118593,1.8562752E7
RIGHT_ARM,1625011770860451562,1.855248E7
RIGHT_ARM,1625011770893784531,1.8536758E7
RIGHT_ARM,1625011770927117500,1.8508922E7
RIGHT_ARM,1625011770960450468,1.8489766E7
RIGHT_ARM,1625011770993783437,1.847291E7
RIGHT_ARM,1625011771027116406,1.8466546E7
RIGHT_ARM,1625011771060449375,1.8461618E7
RIGHT_ARM,1625011771093782343,1.846187E7
RIGHT_ARM,1625011771127115312,1.8460634E7
RIGHT_ARM,1625011771160448281,1.8467924E7
RIGHT_ARM,1625011771193781250,1.847509E7
RIGHT_ARM,1625011771227114218,1.8474232E7
RIGHT_ARM,1625011771260447187,1.8483166E7
RIGHT_ARM,1625011771293780156,1.8491266E7
RIGHT_ARM,1625011771327113125,1.8503042E7
RIGHT_ARM,1625011771360446093,1.8515554E7
RIGHT_ARM,1625011771393779062,1.8525398E7
RIGHT_ARM,1625011771427112031,1.8539978E7
RIGHT_ARM,1625011771460445000,1.8553544E7
RIGHT_ARM,1625011771493777968,1.8547946E7
RIGHT_ARM,1625011771527110937,1.847933E7
RIGHT_ARM,1625011771560443906,1.8391064E7
RIGHT_ARM,1625011771593776875,1.8324326E7
RIGHT_ARM,1625011771627109843,1.827728E7
RIGHT_ARM,1625011771660442812,1.8255126E7
RIGHT_ARM,1625011771693775781,1.8230034E7
RIGHT_ARM,1625011771727108750,1.821098E7
RIGHT_ARM,1625011771760441718,1.8203206E7
RIGHT_ARM,1625011771793774687,1.8204308E7
RIGHT_ARM,1625011771827107656,1.820168E7
RIGHT_ARM,1625011771860440625,1.8200208E7
RIGHT_ARM,1625011771893773593,1.8198404E7
RIGHT_ARM,1625011771927106562,1.8208176E7
RIGHT_ARM,1625011771960439531,1.8216594E7
RIGHT_ARM,1625011771993772500,1.8233674E7
RIGHT_ARM,1625011772027105468,1.8253694E7
RIGHT_ARM,1625011772060438437,1.827899E7
RIGHT_ARM,1625011772093771406,1.8303842E7
RIGHT_ARM,1625011772127104375,1.8327234E7
RIGHT_ARM,1625011772160437343,1.8350546E7
RIGHT_ARM,1625011772193770312,1.8370026E7
RIGHT_ARM,1625011772227103281,1.8392854E7
RIGHT_ARM,1625011772260436250,1.8418714E7
RIGHT_ARM,1625011772293769218,1.8442466E7
RIGHT_ARM,1625011772327102187,1.8470544E7
RIGHT_ARM,1625011772360435156,1.8500994E7
RIGHT_ARM,1625011772393768125,1.8523446E7
RIGHT_ARM,1625011772427101093,1.8495662E7
RIGHT_ARM,1625011772460434062,1.8421086E7
RIGHT_ARM,1625011772493767031,1.835518E7
RIGHT_ARM,1625011772527100000,1.831316E7
RIGHT_ARM,1625011772560432968,1.828275E7
RIGHT_ARM,1625011772593765937,1.8263752E7
RIGHT_ARM,1625011772627098906,1.8248702E7
RIGHT_ARM,1625011772660431875,1.823744E7
RIGHT_ARM,1625011772693764843,1.8243202E7
RIGHT_ARM,1625011772727097812,1.8244202E7
RIGHT_ARM,1625011772760430781,1.824627E7
RIGHT_ARM,1625011772793763750,1.8245918E7
RIGHT_ARM,1625011772827096718,1.825427E7
RIGHT_ARM,1625011772860429687,1.8262354E7
RIGHT_ARM,1625011772893762656,1.827653E7
RIGHT_ARM,1625011772927095625,1.8298006E7
RIGHT_ARM,1625011772960428593,1.8317582E7
RIGHT_ARM,1625011772993761562,1.8336578E7
RIGHT_ARM,1625011773027094531,1.8360782E7
RIGHT_ARM,1625011773060427500,1.8383106E7
RIGHT_ARM,1625011773093760468,1.8413788E7
RIGHT_ARM,1625011773127093437,1.8431564E7
RIGHT_ARM,1625011773160426406,1.8453022E7
RIGHT_ARM,1625011773193759375,1.8475074E7
RIGHT_ARM,1625011773227092343,1.8501522E7
RIGHT_ARM,1625011773260425312,1.8523602E7
RIGHT_ARM,1625011773293758281,1.8548458E7
RIGHT_ARM,1625011773327091250,1.8580912E7
RIGHT_ARM,1625011773360424218,1.8601162E7
RIGHT_ARM,1625011773393757187,1.8575378E7
RIGHT_ARM,1625011773427090156,1.8495868E7
RIGHT_ARM,1625011773460423125,1.8428556E7
RIGHT_ARM,1625011773493756093,1.838539E7
RIGHT_ARM,1625011773527089062,1.8363678E7
RIGHT_ARM,1625011773560422031,1.8347472E7
RIGHT_ARM,1625011773593755000,1.8330998E7
RIGHT_ARM,1625011773627087968,1.8323826E7
RIGHT_ARM,1625011773660420937,1.8319762E7
RIGHT_ARM,1625011773693753906,1.831619E7
RIGHT_ARM,1625011773727086875,1.8314866E7
RIGHT_ARM,1625011773760419843,1.8310402E7
RIGHT_ARM,1625011773793752812,1.831315E7
RIGHT_ARM,1625011773827085781,1.831687E7
RIGHT_ARM,1625011773860418750,1.8329918E7
RIGHT_ARM,1625011773893751718,1.8345458E7
RIGHT_ARM,1625011773927084687,1.8364742E7
RIGHT_ARM,1625011773960417656,1.838333E7
RIGHT_ARM,1625011773993750625,1.8406464E7
RIGHT_ARM,1625011774027083593,1.8425222E7
RIGHT_ARM,1625011774060416562,1.8443618E7
RIGHT_ARM,1625011774093749531,1.8464298E7
RIGHT_ARM,1625011774127082500,1.849073E7
RIGHT_ARM,1625011774160415468,1.8516326E7
RIGHT_ARM,1625011774193748437,1.8534796E7
RIGHT_ARM,1625011774227081406,1.8553696E7
RIGHT_ARM,1625011774260414375,1.8575256E7
RIGHT_ARM,1625011774293747343,1.860093E7
RIGHT_ARM,1625011774327080312,1.86268E7
RIGHT_ARM,1625011774360413281,1.8634102E7
RIGHT_ARM,1625011774393746250,1.8574512E7
RIGHT_ARM,1625011774427079218,1.8498138E7
RIGHT_ARM,1625011774460412187,1.8438038E7
RIGHT_ARM,1625011774493745156,1.839526E7
RIGHT_ARM,1625011774527078125,1.8367934E7
RIGHT_ARM,1625011774560411093,1.8351054E7
RIGHT_ARM,1625011774593744062,1.8335766E7
RIGHT_ARM,1625011774627077031,1.8329894E7
RIGHT_ARM,1625011774660410000,1.8330428E7
RIGHT_ARM,1625011774693742968,1.8327742E7
RIGHT_ARM,1625011774727075937,1.832872E7
RIGHT_ARM,1625011774760408906,1.832968E7
RIGHT_ARM,1625011774793741875,1.8334936E7
RIGHT_ARM,1625011774827074843,1.8341798E7
RIGHT_ARM,1625011774860407812,1.835183E7
RIGHT_ARM,1625011774893740781,1.8373274E7
RIGHT_ARM,1625011774927073750,1.8394122E7
RIGHT_ARM,1625011774960406718,1.841181E7
RIGHT_ARM,1625011774993739687,1.84276E7
RIGHT_ARM,1625011775027072656,1.8448052E7
RIGHT_ARM,1625011775060405625,1.8475562E7
RIGHT_ARM,1625011775093738593,1.8495006E7
RIGHT_ARM,1625011775127071562,1.851834E7
RIGHT_ARM,1625011775160404531,1.8538496E7
RIGHT_ARM,1625011775193737500,1.8564988E7
RIGHT_ARM,1625011775227070468,1.8585028E7
RIGHT_ARM,1625011775260403437,1.8611106E7
RIGHT_ARM,1625011775293736406,1.864019E7
RIGHT_ARM,1625011775327069375,1.8646794E7
RIGHT_ARM,1625011775360402343,1.8589982E7
RIGHT_ARM,1625011775393735312,1.8515456E7
RIGHT_ARM,1625011775427068281,1.8459582E7
RIGHT_ARM,1625011775460401250,1.8419602E7
RIGHT_ARM,1625011775493734218,1.840323E7
RIGHT_ARM,1625011775527067187,1.8395038E7
RIGHT_ARM,1625011775560400156,1.8388082E7
RIGHT_ARM,1625011775593733125,1.8388206E7
RIGHT_ARM,1625011775627066093,1.839199E7
RIGHT_ARM,1625011775660399062,1.8391002E7
RIGHT_ARM,1625011775693732031,1.8388402E7
RIGHT_ARM,1625011775727065000,1.8393234E7
RIGHT_ARM,1625011775760397968,1.8399462E7
RIGHT_ARM,1625011775793730937,1.8413968E7
RIGHT_ARM,1625011775827063906,1.8431446E7
RIGHT_ARM,1625011775860396875,1.8449974E7
RIGHT_ARM,1625011775893729843,1.846984E7
RIGHT_ARM,1625011775927062812,1.8488802E7
RIGHT_ARM,1625011775960395781,1.8509402E7
RIGHT_ARM,1625011775993728750,1.8531814E7
RIGHT_ARM,1625011776027061718,1.855933E7
RIGHT_ARM,1625011776060394687,1.8578328E7
RIGHT_ARM,1625011776093727656,1.8597756E7
RIGHT_ARM,1625011776127060625,1.8624358E7
RIGHT_ARM,1625011776160393593,1.8643158E7
RIGHT_ARM,1625011776193726562,1.8671508E7
RIGHT_ARM,1625011776227059531,1.8697448E7
RIGHT_ARM,1625011776260392500,1.8721158E7
RIGHT_ARM,1625011776293725468,1.8701678E7
RIGHT_ARM,1625011776327058437,1.861739E7
RIGHT_ARM,1625011776360391406,1.8548618E7
RIGHT_ARM,1625011776393724375,1.8498338E7
RIGHT_ARM,1625011776427057343,1.8469126E7
RIGHT_ARM,1625011776460390312,1.8445324E7
RIGHT_ARM,1625011776493723281,1.8429562E7
RIGHT_ARM,1625011776527056250,1.8409398E7
RIGHT_ARM,1625011776560389218,1.8409788E7
RIGHT_ARM,1625011776593722187,1.8414674E7
RIGHT_ARM,1625011776627055156,1.8412354E7
RIGHT_ARM,1625011776660388125,1.840615E7
RIGHT_ARM,1625011776693721093,1.8412376E7
RIGHT_ARM,1625011776727054062,1.8418214E7
RIGHT_ARM,1625011776760387031,1.8427842E7
RIGHT_ARM,1625011776793720000,1.8441596E7
RIGHT_ARM,1625011776827052968,1.845925E7
RIGHT_ARM,1625011776860385937,1.8473382E7
RIGHT_ARM,1625011776893718906,1.8494196E7
RIGHT_ARM,1625011776927051875,1.8518854E7
RIGHT_ARM,1625011776960384843,1.8537278E7
RIGHT_ARM,1625011776993717812,1.8554304E7
RIGHT_ARM,1625011777027050781,1.8579474E7
RIGHT_ARM,1625011777060383750,1.8603488E7
RIGHT_ARM,1625011777093716718,1.8621344E7
RIGHT_ARM,1625011777127049687,1.8641736E7
RIGHT_ARM,1625011777160382656,1.8664242E7
RIGHT_ARM,1625011777193715625,1.8690386E7
RIGHT_ARM,1625011777227048593,1.8715954E7
RIGHT_ARM,1625011777260381562,1.8703422E7
RIGHT_ARM,1625011777293714531,1.8631874E7
RIGHT_ARM,1625011777327047500,1.855035E7
RIGHT_ARM,1625011777360380468,1.8496376E7
RIGHT_ARM,1625011777393713437,1.8458738E7
RIGHT_ARM,1625011777427046406,1.8432504E7
RIGHT_ARM,1625011777460379375,1.8407968E7
RIGHT_ARM,1625011777493712343,1.8389736E7
RIGHT_ARM,1625011777527045312,1.8387022E7
RIGHT_ARM,1625011777560378281,1.8383E7
RIGHT_ARM,1625011777593711250,1.8371128E7
RIGHT_ARM,1625011777627044218,1.8364042E7
RIGHT_ARM,1625011777660377187,1.8366022E7
RIGHT_ARM,1625011777693710156,1.8371606E7
RIGHT_ARM,1625011777727043125,1.8375778E7
RIGHT_ARM,1625011777760376093,1.8388194E7
RIGHT_ARM,1625011777793709062,1.8408424E7
RIGHT_ARM,1625011777827042031,1.8429202E7
RIGHT_ARM,1625011777860375000,1.8439552E7
RIGHT_ARM,1625011777893707968,1.8460314E7
RIGHT_ARM,1625011777927040937,1.847908E7
RIGHT_ARM,1625011777960373906,1.8501206E7
RIGHT_ARM,1625011777993706875,1.8515656E7
RIGHT_ARM,1625011778027039843,1.8535552E7
RIGHT_ARM,1625011778060372812,1.855421E7
RIGHT_ARM,1625011778093705781,1.8577734E7
RIGHT_ARM,1625011778127038750,1.8600448E7
RIGHT_ARM,1625011778160371718,1.8625258E7
RIGHT_ARM,1625011778193704687,1.865018E7
RIGHT_ARM,1625011778227037656,1.863823E7
RIGHT_ARM,1625011778260370625,1.8561464E7
RIGHT_ARM,1625011778293703593,1.8485226E7
RIGHT_ARM,1625011778327036562,1.8439118E7
RIGHT_ARM,1625011778360369531,1.8405104E7
RIGHT_ARM,1625011778393702500,1.8390566E7
RIGHT_ARM,1625011778427035468,1.8377778E7
RIGHT_ARM,1625011778460368437,1.8365334E7
RIGHT_ARM,1625011778493701406,1.8363768E7
RIGHT_ARM,1625011778527034375,1.8362464E7
RIGHT_ARM,1625011778560366487,1.8351984E7
RIGHT_ARM,1625011778593699455,1.834989E7
RIGHT_ARM,1625011778627032424,1.8352378E7
RIGHT_ARM,1625011778660365393,1.8352464E7
RIGHT_ARM,1625011778693698361,1.8363166E7
RIGHT_ARM,1625011778727031330,1.8376554E7
RIGHT_ARM,1625011778760364299,1.8394598E7
RIGHT_ARM,1625011778793697268,1.8408858E7
RIGHT_ARM,1625011778827030236,1.8428194E7
RIGHT_ARM,1625011778860363205,1.8438848E7
RIGHT_ARM,1625011778893696174,1.8456352E7
RIGHT_ARM,1625011778927029143,1.8471336E7
RIGHT_ARM,1625011778960362111,1.8487866E7
RIGHT_ARM,1625011778993695080,1.8510088E7
RIGHT_ARM,1625011779027028049,1.8524626E7
RIGHT_ARM,1625011779060361018,1.8543926E7
RIGHT_ARM,1625011779093693986,1.8567672E7
RIGHT_ARM,1625011779127026955,1.8588238E7
RIGHT_ARM,1625011779160359924,1.858239E7
RIGHT_ARM,1625011779193692893,1.8513118E7
RIGHT_ARM,1625011779227025861,1.842791E7
RIGHT_ARM,1625011779260358830,1.8365838E7
RIGHT_ARM,1625011779293691799,1.8322926E7
RIGHT_ARM,1625011779327024768,1.829344E7
RIGHT_ARM,1625011779360357736,1.8266048E7
RIGHT_ARM,1625011779393690705,1.8245082E7
RIGHT_ARM,1625011779427023674,1.8235238E7
RIGHT_ARM,1625011779460356643,1.823196E7
RIGHT_ARM,1625011779493689611,1.822985E7
RIGHT_ARM,1625011779527022580,1.822063E7
RIGHT_ARM,1625011779560355549,1.8222214E7
RIGHT_ARM,1625011779593688518,1.8221718E7
RIGHT_ARM,1625011779627021486,1.8227338E7
RIGHT_ARM,1625011779660354455,1.8235158E7
RIGHT_ARM,1625011779693687424,1.8253544E7
RIGHT_ARM,1625011779727020393,1.8267018E7
RIGHT_ARM,1625011779760353361,1.8286974E7
RIGHT_ARM,1625011779793686330,1.8300468E7
RIGHT_ARM,1625011779827019299,1.8315242E7
RIGHT_ARM,1625011779860352268,1.8330936E7
RIGHT_ARM,1625011779893685236,1.8346482E7
RIGHT_ARM,1625011779927018205,1.836785E7
RIGHT_ARM,1625011779960351174,1.8384122E7
RIGHT_ARM,1625011779993684143,1.8401928E7
RIGHT_ARM,1625011780027017111,1.8417336E7
RIGHT_ARM,1625011780060350080,1.844093E7
RIGHT_ARM,1625011780093683049,1.846105E7